2025-04-04 17:52:03,244 - INFO - Starting training...
2025-04-04 17:52:03,245 - INFO - Random exploration: w selected move g2g3
2025-04-04 17:52:03,246 - INFO - White executed move: g2g3
2025-04-04 17:52:03,246 - INFO - Random exploration: b selected move g7g6
2025-04-04 17:52:03,246 - INFO - Black executed move: g7g6
2025-04-04 17:52:03,247 - INFO - Random exploration: w selected move f1g2
2025-04-04 17:52:03,247 - INFO - White executed move: f1g2
2025-04-04 17:52:03,247 - INFO - Random exploration: b selected move h7h6
2025-04-04 17:52:03,248 - INFO - Black executed move: h7h6
2025-04-04 17:52:03,248 - INFO - Random exploration: w selected move b1a3
2025-04-04 17:52:03,248 - INFO - White executed move: b1a3
2025-04-04 17:52:03,251 - INFO - Random exploration: b selected move b8a6
2025-04-04 17:52:03,251 - INFO - Black executed move: b8a6
2025-04-04 17:52:03,252 - INFO - Random exploration: w selected move e1f1
2025-04-04 17:52:03,253 - INFO - White executed move: e1f1
2025-04-04 17:52:03,253 - INFO - Random exploration: b selected move f7f5
2025-04-04 17:52:03,254 - INFO - Black executed move: f7f5
2025-04-04 17:52:03,254 - INFO - Random exploration: w selected move g2f3
2025-04-04 17:52:03,255 - INFO - White executed move: g2f3
2025-04-04 17:52:03,255 - INFO - Random exploration: b selected move e7e5
2025-04-04 17:52:03,256 - INFO - Black executed move: e7e5
2025-04-04 17:52:03,256 - INFO - Random exploration: w selected move h2h4
2025-04-04 17:52:03,257 - INFO - White executed move: h2h4
2025-04-04 17:52:03,258 - INFO - Random exploration: b selected move a8b8
2025-04-04 17:52:03,258 - INFO - Black executed move: a8b8
2025-04-04 17:52:03,258 - INFO - Random exploration: w selected move f3c6
2025-04-04 17:52:03,260 - INFO - White executed move: f3c6
2025-04-04 17:52:03,261 - INFO - Random exploration: b selected move e8f7
2025-04-04 17:52:03,262 - INFO - Black executed move: e8f7
2025-04-04 17:52:03,262 - INFO - Random exploration: w selected move a3b1
2025-04-04 17:52:03,263 - INFO - White executed move: a3b1
2025-04-04 17:52:03,263 - INFO - Random exploration: b selected move b7b5
2025-04-04 17:52:03,263 - INFO - Black executed move: b7b5
2025-04-04 17:52:03,264 - INFO - Random exploration: w selected move e2e3
2025-04-04 17:52:03,264 - INFO - White executed move: e2e3
2025-04-04 17:52:03,265 - INFO - Random exploration: b selected move d8f6
2025-04-04 17:52:03,265 - INFO - Black executed move: d8f6
2025-04-04 17:52:03,266 - INFO - Random exploration: w selected move g3g4
2025-04-04 17:52:03,266 - INFO - White executed move: g3g4
2025-04-04 17:52:03,266 - INFO - Random exploration: b selected move f6e6
2025-04-04 17:52:03,268 - INFO - Black executed move: f6e6
2025-04-04 17:52:03,269 - INFO - Random exploration: w selected move g4f5
2025-04-04 17:52:03,270 - INFO - White executed move: g4f5
2025-04-04 17:52:03,270 - INFO - Random exploration: b selected move f8g7
2025-04-04 17:52:03,271 - INFO - Black executed move: f8g7
2025-04-04 17:52:03,271 - INFO - Random exploration: w selected move c6a8
2025-04-04 17:52:03,271 - INFO - White executed move: c6a8
2025-04-04 17:52:03,272 - INFO - Random exploration: b selected move g7f6
2025-04-04 17:52:03,272 - INFO - Black executed move: g7f6
2025-04-04 17:52:03,272 - INFO - Random exploration: w selected move f1e2
2025-04-04 17:52:03,272 - INFO - White executed move: f1e2
2025-04-04 17:52:03,273 - INFO - Random exploration: b selected move b8b7
2025-04-04 17:52:03,273 - INFO - Black executed move: b8b7
2025-04-04 17:52:03,274 - INFO - Random exploration: w selected move a8b7
2025-04-04 17:52:03,274 - INFO - White executed move: a8b7
2025-04-04 17:52:03,275 - INFO - Random exploration: b selected move e6a2
2025-04-04 17:52:03,275 - INFO - Black executed move: e6a2
2025-04-04 17:52:03,275 - INFO - Random exploration: w selected move e2f1
2025-04-04 17:52:03,276 - INFO - White executed move: e2f1
2025-04-04 17:52:03,277 - INFO - Random exploration: b selected move a2b1
2025-04-04 17:52:03,278 - INFO - Black executed move: a2b1
2025-04-04 17:52:03,279 - INFO - Random exploration: w selected move b7a8
2025-04-04 17:52:03,279 - INFO - White executed move: b7a8
2025-04-04 17:52:03,280 - INFO - Random exploration: b selected move e5e4
2025-04-04 17:52:03,280 - INFO - Black executed move: e5e4
2025-04-04 17:52:03,281 - INFO - Random exploration: w selected move a1a3
2025-04-04 17:52:03,282 - INFO - White executed move: a1a3
2025-04-04 17:52:04,604 - INFO - Random exploration: b selected move f6h4
2025-04-04 17:52:04,606 - INFO - Black executed move: f6h4
2025-04-04 17:52:04,917 - INFO - Random exploration: w selected move b2b3
2025-04-04 17:52:04,917 - INFO - White executed move: b2b3
2025-04-04 17:52:05,160 - INFO - Random exploration: b selected move f7e8
2025-04-04 17:52:05,160 - INFO - Black executed move: f7e8
2025-04-04 17:52:05,409 - INFO - Random exploration: w selected move d1e2
2025-04-04 17:52:05,410 - INFO - White executed move: d1e2
2025-04-04 17:52:05,643 - INFO - Random exploration: b selected move e8d8
2025-04-04 17:52:05,643 - INFO - Black executed move: e8d8
2025-04-04 17:52:05,881 - INFO - Random exploration: w selected move a3a6
2025-04-04 17:52:05,881 - INFO - White executed move: a3a6
2025-04-04 17:52:06,137 - INFO - Random exploration: b selected move b1c2
2025-04-04 17:52:06,139 - INFO - Black executed move: b1c2
2025-04-04 17:52:06,381 - INFO - Random exploration: w selected move a6g6
2025-04-04 17:52:06,381 - INFO - White executed move: a6g6
2025-04-04 17:52:06,638 - INFO - Random exploration: b selected move h6h5
2025-04-04 17:52:06,638 - INFO - Black executed move: h6h5
2025-04-04 17:52:06,904 - INFO - Random exploration: w selected move g6e6
2025-04-04 17:52:06,905 - INFO - White executed move: g6e6
2025-04-04 17:52:07,185 - INFO - Random exploration: b selected move c2b1
2025-04-04 17:52:07,185 - INFO - Black executed move: c2b1
2025-04-04 17:52:07,437 - INFO - Random exploration: w selected move f1e1
2025-04-04 17:52:07,438 - INFO - White executed move: f1e1
2025-04-04 17:52:07,702 - INFO - Random exploration: b selected move a7a6
2025-04-04 17:52:07,703 - INFO - Black executed move: a7a6
2025-04-04 17:52:07,971 - INFO - Random exploration: w selected move e6e4
2025-04-04 17:52:07,971 - INFO - White executed move: e6e4
2025-04-04 17:52:08,226 - INFO - Random exploration: b selected move a6a5
2025-04-04 17:52:08,226 - INFO - Black executed move: a6a5
2025-04-04 17:52:08,488 - INFO - Random exploration: w selected move d2d3
2025-04-04 17:52:08,488 - INFO - White executed move: d2d3
2025-04-04 17:52:08,758 - INFO - Random exploration: b selected move b1a1
2025-04-04 17:52:08,760 - INFO - Black executed move: b1a1
2025-04-04 17:52:09,018 - INFO - Random exploration: w selected move e4b4
2025-04-04 17:52:09,018 - INFO - White executed move: e4b4
2025-04-04 17:52:09,291 - INFO - Random exploration: b selected move d8e8
2025-04-04 17:52:09,292 - INFO - Black executed move: d8e8
2025-04-04 17:52:09,549 - INFO - Random exploration: w selected move g1f3
2025-04-04 17:52:09,550 - INFO - White executed move: g1f3
2025-04-04 17:52:09,809 - INFO - Random exploration: b selected move h8h6
2025-04-04 17:52:09,809 - INFO - Black executed move: h8h6
2025-04-04 17:52:10,076 - INFO - Random exploration: w selected move e1d2
2025-04-04 17:52:10,077 - INFO - White executed move: e1d2
2025-04-04 17:52:10,345 - INFO - Random exploration: b selected move h4f2
2025-04-04 17:52:10,345 - INFO - Black executed move: h4f2
2025-04-04 17:52:10,592 - INFO - Random exploration: w selected move h1h4
2025-04-04 17:52:10,593 - INFO - White executed move: h1h4
2025-04-04 17:52:10,868 - INFO - Random exploration: b selected move g8f6
2025-04-04 17:52:10,869 - INFO - Black executed move: g8f6
2025-04-04 17:52:11,133 - INFO - Random exploration: w selected move f3g1
2025-04-04 17:52:11,133 - INFO - White executed move: f3g1
2025-04-04 17:52:11,521 - INFO - Q-values analysis: {'max_q_value': 1.0832693576812744, 'min_q_value': -0.4152568280696869, 'mean_q_value': 0.4925808012485504, 'median_q_value': 0.5424857139587402, 'std_q_value': 0.42419669032096863}
2025-04-04 17:52:11,522 - INFO - Exploitation: b selected move f6g4
2025-04-04 17:52:11,522 - INFO - Random exploration: b selected move f6g4
2025-04-04 17:52:11,523 - INFO - Black executed move: f6g4
2025-04-04 17:52:11,769 - INFO - Random exploration: w selected move e2d1
2025-04-04 17:52:11,771 - INFO - White executed move: e2d1
2025-04-04 17:52:12,011 - INFO - Random exploration: b selected move a1g7
2025-04-04 17:52:12,012 - INFO - Black executed move: a1g7
2025-04-04 17:52:12,248 - INFO - Random exploration: w selected move f5f6
2025-04-04 17:52:12,250 - INFO - White executed move: f5f6
2025-04-04 17:52:12,534 - INFO - Random exploration: b selected move f2h4
2025-04-04 17:52:12,535 - INFO - Black executed move: f2h4
2025-04-04 17:52:12,811 - INFO - Random exploration: w selected move g1f3
2025-04-04 17:52:12,812 - INFO - White executed move: g1f3
2025-04-04 17:52:13,116 - INFO - Black executed move: g7g8
2025-04-04 17:52:13,568 - INFO - Random exploration: w selected move f3d4
2025-04-04 17:52:13,569 - INFO - White executed move: f3d4
2025-04-04 17:52:13,810 - INFO - Random exploration: b selected move g8c4
2025-04-04 17:52:13,812 - INFO - Black executed move: g8c4
2025-04-04 17:52:14,051 - INFO - Random exploration: w selected move a8h1
2025-04-04 17:52:14,052 - INFO - White executed move: a8h1
2025-04-04 17:52:14,406 - INFO - Q-values analysis: {'max_q_value': 2.125073194503784, 'min_q_value': -0.7270914912223816, 'mean_q_value': 1.085246205329895, 'median_q_value': 1.2568411827087402, 'std_q_value': 0.8505567908287048}
2025-04-04 17:52:14,407 - INFO - Exploitation: b selected move h4f2
2025-04-04 17:52:14,407 - INFO - Random exploration: b selected move h4f2
2025-04-04 17:52:14,409 - INFO - Black executed move: h4f2
2025-04-04 17:52:14,894 - INFO - Q-values analysis: {'max_q_value': 2.144301176071167, 'min_q_value': -0.7674643397331238, 'mean_q_value': 1.2827974557876587, 'median_q_value': 1.52540123462677, 'std_q_value': 0.8238512277603149}
2025-04-04 17:52:14,895 - INFO - Exploitation: w selected move d2e2
2025-04-04 17:52:14,895 - INFO - Random exploration: w selected move d2e2
2025-04-04 17:52:14,895 - INFO - White executed move: d2e2
2025-04-04 17:52:15,158 - INFO - Random exploration: b selected move c4d5
2025-04-04 17:52:15,158 - INFO - Black executed move: c4d5
2025-04-04 17:52:15,409 - INFO - Random exploration: w selected move c1d2
2025-04-04 17:52:15,409 - INFO - White executed move: c1d2
2025-04-04 17:52:15,674 - INFO - Random exploration: b selected move f2e3
2025-04-04 17:52:15,674 - INFO - Black executed move: f2e3
2025-04-04 17:52:15,945 - INFO - Random exploration: w selected move b4a4
2025-04-04 17:52:15,946 - INFO - White executed move: b4a4
2025-04-04 17:52:16,285 - INFO - Q-values analysis: {'max_q_value': 2.4171228408813477, 'min_q_value': -1.0933011770248413, 'mean_q_value': 1.1366069316864014, 'median_q_value': 1.2386465072631836, 'std_q_value': 1.0211948156356812}
2025-04-04 17:52:16,285 - INFO - Exploitation: b selected move c8a6
2025-04-04 17:52:16,285 - INFO - Random exploration: b selected move c8a6
2025-04-04 17:52:16,285 - INFO - Black executed move: c8a6
2025-04-04 17:52:16,534 - INFO - Random exploration: w selected move d2b4
2025-04-04 17:52:16,534 - INFO - White executed move: d2b4
2025-04-04 17:52:16,774 - INFO - Random exploration: b selected move d5f5
2025-04-04 17:52:16,774 - INFO - Black executed move: d5f5
2025-04-04 17:52:17,139 - INFO - Q-values analysis: {'max_q_value': 2.5298268795013428, 'min_q_value': -0.8807434439659119, 'mean_q_value': 1.5855162143707275, 'median_q_value': 2.1180672645568848, 'std_q_value': 0.9857665300369263}
2025-04-04 17:52:17,139 - INFO - Exploitation: w selected move d4c2
2025-04-04 17:52:17,140 - INFO - Random exploration: w selected move d4c2
2025-04-04 17:52:17,140 - INFO - White executed move: d4c2
2025-04-04 17:52:17,406 - INFO - Random exploration: b selected move a6b7
2025-04-04 17:52:17,407 - INFO - Black executed move: a6b7
2025-04-04 17:52:17,669 - INFO - Random exploration: w selected move d1g1
2025-04-04 17:52:17,670 - INFO - White executed move: d1g1
2025-04-04 17:52:17,932 - INFO - Random exploration: b selected move b7a6
2025-04-04 17:52:17,933 - INFO - Black executed move: b7a6
2025-04-04 17:52:18,258 - INFO - Q-values analysis: {'max_q_value': 2.8947107791900635, 'min_q_value': -0.7242317795753479, 'mean_q_value': 1.6456341743469238, 'median_q_value': 2.225666046142578, 'std_q_value': 1.1819313764572144}
2025-04-04 17:52:18,258 - INFO - Exploitation: w selected move e2d1
2025-04-04 17:52:18,259 - INFO - Random exploration: w selected move e2d1
2025-04-04 17:52:18,259 - INFO - White executed move: e2d1
2025-04-04 17:52:18,585 - INFO - Q-values analysis: {'max_q_value': 2.9569742679595947, 'min_q_value': -1.3046292066574097, 'mean_q_value': 1.591318130493164, 'median_q_value': 2.253537178039551, 'std_q_value': 1.2637031078338623}
2025-04-04 17:52:18,585 - INFO - Exploitation: b selected move f5d5
2025-04-04 17:52:18,586 - INFO - Black executed move: f5d5
2025-04-04 17:52:18,827 - INFO - White executed move: g1g4
2025-04-04 17:52:19,244 - INFO - Q-values analysis: {'max_q_value': 2.933638334274292, 'min_q_value': -1.3153648376464844, 'mean_q_value': 1.6320809125900269, 'median_q_value': 2.3113083839416504, 'std_q_value': 1.279690146446228}
2025-04-04 17:52:19,244 - INFO - Exploitation: b selected move d5e4
2025-04-04 17:52:19,244 - INFO - Random exploration: b selected move d5e4
2025-04-04 17:52:19,244 - INFO - Black executed move: d5e4
2025-04-04 17:52:19,519 - INFO - Random exploration: w selected move g4g1
2025-04-04 17:52:19,521 - INFO - White executed move: g4g1
2025-04-04 17:52:19,771 - INFO - Random exploration: b selected move e3f4
2025-04-04 17:52:19,771 - INFO - Black executed move: e3f4
2025-04-04 17:52:20,029 - INFO - Random exploration: w selected move h1f3
2025-04-04 17:52:20,030 - INFO - White executed move: h1f3
2025-04-04 17:52:20,272 - INFO - Random exploration: b selected move d7d5
2025-04-04 17:52:20,273 - INFO - Black executed move: d7d5
2025-04-04 17:52:20,513 - INFO - White executed move: g1f1
2025-04-04 17:52:20,782 - INFO - Random exploration: b selected move e4b4
2025-04-04 17:52:20,783 - INFO - Black executed move: e4b4
2025-04-04 17:52:21,114 - INFO - Q-values analysis: {'max_q_value': 3.9470701217651367, 'min_q_value': -0.4468589723110199, 'mean_q_value': 2.9969406127929688, 'median_q_value': 3.3650851249694824, 'std_q_value': 1.0630662441253662}
2025-04-04 17:52:21,115 - INFO - Exploitation: w selected move f1e1
2025-04-04 17:52:21,115 - INFO - Random exploration: w selected move f1e1
2025-04-04 17:52:21,115 - INFO - White executed move: f1e1
2025-04-04 17:52:21,436 - INFO - Q-values analysis: {'max_q_value': 3.881559133529663, 'min_q_value': -0.5341069102287292, 'mean_q_value': 2.8647029399871826, 'median_q_value': 3.465830087661743, 'std_q_value': 1.4500372409820557}
2025-04-04 17:52:21,436 - INFO - Exploitation: b selected move b4e7
2025-04-04 17:52:21,436 - INFO - Random exploration: b selected move b4e7
2025-04-04 17:52:21,437 - INFO - Black executed move: b4e7
2025-04-04 17:52:21,675 - INFO - Random exploration: w selected move e1e4
2025-04-04 17:52:21,676 - INFO - White executed move: e1e4
2025-04-04 17:52:21,993 - INFO - Q-values analysis: {'max_q_value': 4.721787929534912, 'min_q_value': -0.5582864284515381, 'mean_q_value': 3.5510826110839844, 'median_q_value': 3.9226534366607666, 'std_q_value': 1.189779281616211}
2025-04-04 17:52:21,993 - INFO - Exploitation: b selected move h5h4
2025-04-04 17:52:21,993 - INFO - Random exploration: b selected move h5h4
2025-04-04 17:52:21,993 - INFO - Black executed move: h5h4
2025-04-04 17:52:22,235 - INFO - White executed move: c2a1
2025-04-04 17:52:22,476 - INFO - Random exploration: b selected move h6h7
2025-04-04 17:52:22,476 - INFO - Black executed move: h6h7
2025-04-04 17:52:22,734 - INFO - Random exploration: w selected move e4e1
2025-04-04 17:52:22,734 - INFO - White executed move: e4e1
2025-04-04 17:52:22,981 - INFO - Random exploration: b selected move e8d8
2025-04-04 17:52:22,982 - INFO - Black executed move: e8d8
2025-04-04 17:52:23,303 - INFO - Q-values analysis: {'max_q_value': 4.582984924316406, 'min_q_value': -0.627318263053894, 'mean_q_value': 3.221869707107544, 'median_q_value': 3.9721076488494873, 'std_q_value': 1.5508034229278564}
2025-04-04 17:52:23,303 - INFO - Exploitation: w selected move e1c3
2025-04-04 17:52:23,303 - INFO - White executed move: e1c3
2025-04-04 17:52:23,538 - INFO - Random exploration: b selected move f4h2
2025-04-04 17:52:23,539 - INFO - Black executed move: f4h2
2025-04-04 17:52:23,859 - INFO - Q-values analysis: {'max_q_value': 4.9673566818237305, 'min_q_value': -0.6993460655212402, 'mean_q_value': 3.487180709838867, 'median_q_value': 4.316503524780273, 'std_q_value': 1.7315716743469238}
2025-04-04 17:52:23,860 - INFO - Exploitation: w selected move c3b4
2025-04-04 17:52:23,860 - INFO - Random exploration: w selected move c3b4
2025-04-04 17:52:23,860 - INFO - White executed move: c3b4
2025-04-04 17:52:24,113 - INFO - Random exploration: b selected move h7g7
2025-04-04 17:52:24,113 - INFO - Black executed move: h7g7
2025-04-04 17:52:24,440 - INFO - Q-values analysis: {'max_q_value': 5.050014019012451, 'min_q_value': -0.45515504479408264, 'mean_q_value': 4.180122375488281, 'median_q_value': 4.676510334014893, 'std_q_value': 1.3946995735168457}
2025-04-04 17:52:24,441 - INFO - Exploitation: w selected move b4a3
2025-04-04 17:52:24,441 - INFO - Random exploration: w selected move b4a3
2025-04-04 17:52:24,442 - INFO - White executed move: b4a3
2025-04-04 17:52:24,685 - INFO - Random exploration: b selected move h4h3
2025-04-04 17:52:24,687 - INFO - Black executed move: h4h3
2025-04-04 17:52:24,925 - INFO - Random exploration: w selected move a4a5
2025-04-04 17:52:24,925 - INFO - White executed move: a4a5
2025-04-04 17:52:25,160 - INFO - Random exploration: b selected move h2g1
2025-04-04 17:52:25,161 - INFO - Black executed move: h2g1
2025-04-04 17:52:25,498 - INFO - Q-values analysis: {'max_q_value': 5.234176158905029, 'min_q_value': -0.436456561088562, 'mean_q_value': 4.506516456604004, 'median_q_value': 4.878735542297363, 'std_q_value': 1.2057591676712036}
2025-04-04 17:52:25,498 - INFO - Exploitation: w selected move d1c2
2025-04-04 17:52:25,498 - INFO - Random exploration: w selected move d1c2
2025-04-04 17:52:25,499 - INFO - White executed move: d1c2
2025-04-04 17:52:25,762 - INFO - Black executed move: g1a7
2025-04-04 17:52:26,004 - INFO - White executed move: f6e7
2025-04-04 17:52:26,311 - INFO - Random exploration: b selected move d8d7
2025-04-04 17:52:26,312 - INFO - Black executed move: d8d7
2025-04-04 17:52:26,883 - INFO - Q-values analysis: {'max_q_value': 4.575918197631836, 'min_q_value': -0.2725209593772888, 'mean_q_value': 3.787832736968994, 'median_q_value': 4.114577293395996, 'std_q_value': 1.1757705211639404}
2025-04-04 17:52:26,883 - INFO - Exploitation: w selected move e7e8q
2025-04-04 17:52:26,884 - INFO - White executed move: e7e8q
2025-04-04 17:52:27,163 - INFO - Random exploration: b selected move d7e8
2025-04-04 17:52:27,163 - INFO - Black executed move: d7e8
2025-04-04 17:52:27,514 - INFO - Q-values analysis: {'max_q_value': 6.003662586212158, 'min_q_value': -0.005597986746579409, 'mean_q_value': 5.190005779266357, 'median_q_value': 5.479618549346924, 'std_q_value': 1.1573336124420166}
2025-04-04 17:52:27,514 - INFO - Exploitation: w selected move a3b2
2025-04-04 17:52:27,514 - INFO - White executed move: a3b2
2025-04-04 17:52:27,791 - INFO - Black executed move: a7e3
2025-04-04 17:52:28,044 - INFO - Random exploration: w selected move f3d5
2025-04-04 17:52:28,044 - INFO - White executed move: f3d5
2025-04-04 17:52:28,299 - INFO - Black executed move: e3b6
2025-04-04 17:52:28,538 - INFO - Random exploration: w selected move d3d4
2025-04-04 17:52:28,539 - INFO - White executed move: d3d4
2025-04-04 17:52:28,903 - INFO - Q-values analysis: {'max_q_value': 4.942325592041016, 'min_q_value': 0.4275408089160919, 'mean_q_value': 4.334597587585449, 'median_q_value': 4.5824432373046875, 'std_q_value': 0.8695266246795654}
2025-04-04 17:52:28,903 - INFO - Exploitation: b selected move g7g3
2025-04-04 17:52:28,903 - INFO - Random exploration: b selected move g7g3
2025-04-04 17:52:28,904 - INFO - Black executed move: g7g3
2025-04-04 17:52:29,247 - INFO - Q-values analysis: {'max_q_value': 4.954686164855957, 'min_q_value': 0.6234546899795532, 'mean_q_value': 4.43083381652832, 'median_q_value': 4.638739585876465, 'std_q_value': 0.8260754346847534}
2025-04-04 17:52:29,248 - INFO - Exploitation: w selected move b2b1
2025-04-04 17:52:29,248 - INFO - Random exploration: w selected move b2b1
2025-04-04 17:52:29,249 - INFO - White executed move: b2b1
2025-04-04 17:52:29,491 - INFO - Random exploration: b selected move g3f3
2025-04-04 17:52:29,491 - INFO - Black executed move: g3f3
2025-04-04 17:52:29,726 - INFO - Random exploration: w selected move a5a4
2025-04-04 17:52:29,727 - INFO - White executed move: a5a4
2025-04-04 17:52:30,045 - INFO - Q-values analysis: {'max_q_value': 4.977487087249756, 'min_q_value': 0.8670820593833923, 'mean_q_value': 4.24323844909668, 'median_q_value': 4.366872310638428, 'std_q_value': 0.7251545190811157}
2025-04-04 17:52:30,045 - INFO - Exploitation: b selected move b5b4
2025-04-04 17:52:30,045 - INFO - Random exploration: b selected move b5b4
2025-04-04 17:52:30,045 - INFO - Black executed move: b5b4
2025-04-04 17:52:30,364 - INFO - Q-values analysis: {'max_q_value': 4.114502906799316, 'min_q_value': 0.8836734294891357, 'mean_q_value': 3.573368549346924, 'median_q_value': 3.67197585105896, 'std_q_value': 0.5928254723548889}
2025-04-04 17:52:30,365 - INFO - Exploitation: w selected move b1d1
2025-04-04 17:52:30,365 - INFO - Random exploration: w selected move b1d1
2025-04-04 17:52:30,365 - INFO - White executed move: b1d1
2025-04-04 17:52:30,692 - INFO - Q-values analysis: {'max_q_value': 5.394356727600098, 'min_q_value': 0.9627060294151306, 'mean_q_value': 4.66094970703125, 'median_q_value': 4.896099090576172, 'std_q_value': 0.9883503913879395}
2025-04-04 17:52:30,693 - INFO - Exploitation: b selected move f3b3
2025-04-04 17:52:30,693 - INFO - Random exploration: b selected move f3b3
2025-04-04 17:52:30,693 - INFO - Black executed move: f3b3
2025-04-04 17:52:31,028 - INFO - Q-values analysis: {'max_q_value': 4.597970485687256, 'min_q_value': 0.8847941160202026, 'mean_q_value': 3.9572458267211914, 'median_q_value': 4.147304534912109, 'std_q_value': 0.7872632741928101}
2025-04-04 17:52:31,029 - INFO - Exploitation: w selected move a4a2
2025-04-04 17:52:31,029 - INFO - Random exploration: w selected move a4a2
2025-04-04 17:52:31,029 - INFO - White executed move: a4a2
2025-04-04 17:52:31,271 - INFO - Black executed move: b3d3
2025-04-04 17:52:31,506 - INFO - Random exploration: w selected move c2c1
2025-04-04 17:52:31,506 - INFO - White executed move: c2c1
2025-04-04 17:52:31,827 - INFO - Q-values analysis: {'max_q_value': 4.643186092376709, 'min_q_value': 1.5122215747833252, 'mean_q_value': 4.002032279968262, 'median_q_value': 4.128636837005615, 'std_q_value': 0.5629177093505859}
2025-04-04 17:52:31,827 - INFO - Exploitation: b selected move d3c3
2025-04-04 17:52:31,827 - INFO - Random exploration: b selected move d3c3
2025-04-04 17:52:31,828 - INFO - Black executed move: d3c3
2025-04-04 17:52:32,075 - INFO - White executed move: a2c2
2025-04-04 17:52:32,320 - INFO - Black executed move: c3b3
2025-04-04 17:52:32,564 - INFO - White executed move: d5f3
2025-04-04 17:52:32,896 - INFO - Q-values analysis: {'max_q_value': 5.3614068031311035, 'min_q_value': 2.167463541030884, 'mean_q_value': 4.701083183288574, 'median_q_value': 4.8436994552612305, 'std_q_value': 0.5890008211135864}
2025-04-04 17:52:32,896 - INFO - Exploitation: b selected move b3f3
2025-04-04 17:52:32,897 - INFO - Black executed move: b3f3
2025-04-04 17:52:33,278 - INFO - White executed move: d1e2
2025-04-04 17:52:33,532 - INFO - Black executed move: f3e3
2025-04-04 17:52:33,774 - INFO - Random exploration: w selected move e2c4
2025-04-04 17:52:33,774 - INFO - White executed move: e2c4
2025-04-04 17:52:34,027 - INFO - Black executed move: e3e1
2025-04-04 17:52:34,347 - INFO - Q-values analysis: {'max_q_value': 3.908374786376953, 'min_q_value': 3.7574424743652344, 'mean_q_value': 3.8329086303710938, 'median_q_value': 3.8329086303710938, 'std_q_value': 0.07546615600585938}
2025-04-04 17:52:34,348 - INFO - Exploitation: w selected move c1d2
2025-04-04 17:52:34,348 - INFO - Random exploration: w selected move c1d2
2025-04-04 17:52:34,348 - INFO - White executed move: c1d2
2025-04-04 17:52:34,585 - INFO - Random exploration: b selected move b6c5
2025-04-04 17:52:34,586 - INFO - Black executed move: b6c5
2025-04-04 17:52:34,998 - INFO - Q-values analysis: {'max_q_value': 4.890439987182617, 'min_q_value': 2.5744059085845947, 'mean_q_value': 4.477704048156738, 'median_q_value': 4.599514484405518, 'std_q_value': 0.4522806704044342}
2025-04-04 17:52:34,999 - INFO - Exploitation: w selected move a1b3
2025-04-04 17:52:34,999 - INFO - Random exploration: w selected move a1b3
2025-04-04 17:52:34,999 - INFO - White executed move: a1b3
2025-04-04 17:52:35,296 - INFO - Random exploration: b selected move c5a7
2025-04-04 17:52:35,297 - INFO - Black executed move: c5a7
2025-04-04 17:52:35,716 - INFO - Q-values analysis: {'max_q_value': 5.270261764526367, 'min_q_value': 2.996352434158325, 'mean_q_value': 4.824087619781494, 'median_q_value': 4.942976951599121, 'std_q_value': 0.42977070808410645}
2025-04-04 17:52:35,717 - INFO - Exploitation: w selected move c4b5
2025-04-04 17:52:35,717 - INFO - White executed move: c4b5
2025-04-04 17:52:35,970 - INFO - Random exploration: b selected move a6b5
2025-04-04 17:52:35,970 - INFO - Black executed move: a6b5
2025-04-04 17:52:36,233 - INFO - White executed move: c2c3
2025-04-04 17:52:36,591 - INFO - Random exploration: b selected move e8f8
2025-04-04 17:52:36,592 - INFO - Black executed move: e8f8
2025-04-04 17:52:36,861 - INFO - Random exploration: w selected move c3c7
2025-04-04 17:52:36,861 - INFO - White executed move: c3c7
2025-04-04 17:52:37,131 - INFO - Black executed move: a7c5
2025-04-04 17:52:37,578 - INFO - Q-values analysis: {'max_q_value': 2.7907795906066895, 'min_q_value': 1.8118804693222046, 'mean_q_value': 2.5005943775177, 'median_q_value': 2.543146848678589, 'std_q_value': 0.21552446484565735}
2025-04-04 17:52:37,579 - INFO - Exploitation: w selected move c7d7
2025-04-04 17:52:37,579 - INFO - White executed move: c7d7
2025-04-04 17:52:37,926 - INFO - Q-values analysis: {'max_q_value': 2.897461175918579, 'min_q_value': 1.6874275207519531, 'mean_q_value': 2.5852115154266357, 'median_q_value': 2.679379940032959, 'std_q_value': 0.2719104290008545}
2025-04-04 17:52:37,926 - INFO - Exploitation: b selected move c5b6
2025-04-04 17:52:37,927 - INFO - Black executed move: c5b6
2025-04-04 17:52:38,181 - INFO - Random exploration: w selected move d7b7
2025-04-04 17:52:38,181 - INFO - White executed move: d7b7
2025-04-04 17:52:38,450 - INFO - Random exploration: b selected move e1f1
2025-04-04 17:52:38,452 - INFO - Black executed move: e1f1
2025-04-04 17:52:38,703 - INFO - White executed move: b3c1
2025-04-04 17:52:38,992 - INFO - Black executed move: f1f5
2025-04-04 17:52:39,228 - INFO - White executed move: d2e1
2025-04-04 17:52:39,569 - INFO - Q-values analysis: {'max_q_value': 3.3216075897216797, 'min_q_value': 2.194065570831299, 'mean_q_value': 3.0082075595855713, 'median_q_value': 3.0641696453094482, 'std_q_value': 0.24130627512931824}
2025-04-04 17:52:39,569 - INFO - Exploitation: b selected move f5d5
2025-04-04 17:52:39,570 - INFO - Black executed move: f5d5
2025-04-04 17:52:39,902 - INFO - Q-values analysis: {'max_q_value': 3.2096095085144043, 'min_q_value': 2.4198670387268066, 'mean_q_value': 2.95601224899292, 'median_q_value': 2.95999813079834, 'std_q_value': 0.18565434217453003}
2025-04-04 17:52:39,903 - INFO - Exploitation: w selected move c1b3
2025-04-04 17:52:39,903 - INFO - White executed move: c1b3
2025-04-04 17:52:40,185 - INFO - Black executed move: d5g5
2025-04-04 17:52:40,463 - INFO - Random exploration: w selected move b7f7
2025-04-04 17:52:40,464 - INFO - White executed move: b7f7
2025-04-04 17:52:40,817 - INFO - Q-values analysis: {'max_q_value': 2.306279420852661, 'min_q_value': 2.079770803451538, 'mean_q_value': 2.2188880443573, 'median_q_value': 2.2706139087677, 'std_q_value': 0.0994424894452095}
2025-04-04 17:52:40,817 - INFO - Exploitation: b selected move f8e8
2025-04-04 17:52:40,817 - INFO - Random exploration: b selected move f8e8
2025-04-04 17:52:40,818 - INFO - Black executed move: f8e8
2025-04-04 17:52:41,075 - INFO - White executed move: b3a5
2025-04-04 17:52:41,466 - INFO - Q-values analysis: {'max_q_value': 3.985861301422119, 'min_q_value': 2.938777208328247, 'mean_q_value': 3.5846433639526367, 'median_q_value': 3.617203950881958, 'std_q_value': 0.21538670361042023}
2025-04-04 17:52:41,466 - INFO - Exploitation: b selected move g5g8
2025-04-04 17:52:41,466 - INFO - Random exploration: b selected move g5g8
2025-04-04 17:52:41,466 - INFO - Black executed move: g5g8
2025-04-04 17:52:41,818 - INFO - Q-values analysis: {'max_q_value': 3.8928394317626953, 'min_q_value': 3.288665771484375, 'mean_q_value': 3.6025404930114746, 'median_q_value': 3.613668918609619, 'std_q_value': 0.14793312549591064}
2025-04-04 17:52:41,818 - INFO - Exploitation: w selected move f7f3
2025-04-04 17:52:41,819 - INFO - Random exploration: w selected move f7f3
2025-04-04 17:52:41,819 - INFO - White executed move: f7f3
2025-04-04 17:52:42,113 - INFO - Random exploration: b selected move b5f1
2025-04-04 17:52:42,114 - INFO - Black executed move: b5f1
2025-04-04 17:52:42,465 - INFO - Q-values analysis: {'max_q_value': 3.7061104774475098, 'min_q_value': 3.030918598175049, 'mean_q_value': 3.335522174835205, 'median_q_value': 3.342416524887085, 'std_q_value': 0.1516970992088318}
2025-04-04 17:52:42,466 - INFO - Exploitation: w selected move f3e3
2025-04-04 17:52:42,466 - INFO - White executed move: f3e3
2025-04-04 17:52:42,797 - INFO - Q-values analysis: {'max_q_value': 3.604700803756714, 'min_q_value': 3.38342547416687, 'mean_q_value': 3.4831128120422363, 'median_q_value': 3.4721622467041016, 'std_q_value': 0.08041355758905411}
2025-04-04 17:52:42,797 - INFO - Exploitation: b selected move e8d8
2025-04-04 17:52:42,798 - INFO - Black executed move: e8d8
2025-04-04 17:52:43,053 - INFO - Random exploration: w selected move e1f2
2025-04-04 17:52:43,054 - INFO - White executed move: e1f2
2025-04-04 17:52:43,385 - INFO - Q-values analysis: {'max_q_value': 2.9897913932800293, 'min_q_value': 2.2807974815368652, 'mean_q_value': 2.5830929279327393, 'median_q_value': 2.5529098510742188, 'std_q_value': 0.14357803761959076}
2025-04-04 17:52:43,385 - INFO - Exploitation: b selected move g8g2
2025-04-04 17:52:43,385 - INFO - Random exploration: b selected move g8g2
2025-04-04 17:52:43,387 - INFO - Black executed move: g8g2
2025-04-04 17:52:43,723 - INFO - Q-values analysis: {'max_q_value': 2.7910444736480713, 'min_q_value': 2.4846816062927246, 'mean_q_value': 2.6062986850738525, 'median_q_value': 2.543170690536499, 'std_q_value': 0.1327991783618927}
2025-04-04 17:52:43,724 - INFO - Exploitation: w selected move f2e1
2025-04-04 17:52:43,724 - INFO - White executed move: f2e1
2025-04-04 17:52:44,161 - INFO - Q-values analysis: {'max_q_value': 3.754014730453491, 'min_q_value': 3.046473264694214, 'mean_q_value': 3.2945516109466553, 'median_q_value': 3.2516212463378906, 'std_q_value': 0.1521826535463333}
2025-04-04 17:52:44,162 - INFO - Exploitation: b selected move g2g8
2025-04-04 17:52:44,162 - INFO - Random exploration: b selected move g2g8
2025-04-04 17:52:44,163 - INFO - Black executed move: g2g8
2025-04-04 17:52:44,498 - INFO - White executed move: e1d1
2025-04-04 17:52:44,870 - INFO - Q-values analysis: {'max_q_value': 3.7014036178588867, 'min_q_value': 2.97013258934021, 'mean_q_value': 3.2954699993133545, 'median_q_value': 3.3148293495178223, 'std_q_value': 0.17473655939102173}
2025-04-04 17:52:44,870 - INFO - Exploitation: b selected move g8g2
2025-04-04 17:52:44,870 - INFO - Random exploration: b selected move g8g2
2025-04-04 17:52:44,872 - INFO - Black executed move: g8g2
2025-04-04 17:52:45,281 - INFO - Random exploration: w selected move e3e6
2025-04-04 17:52:45,281 - INFO - White executed move: e3e6
2025-04-04 17:52:45,643 - INFO - Random exploration: b selected move f1c4
2025-04-04 17:52:45,644 - INFO - Black executed move: f1c4
2025-04-04 17:52:45,990 - INFO - White executed move: a5b3
2025-04-04 17:52:46,325 - INFO - Black executed move: c4e2
2025-04-04 17:52:46,794 - INFO - Q-values analysis: {'max_q_value': 4.121575355529785, 'min_q_value': 3.6454224586486816, 'mean_q_value': 3.8533740043640137, 'median_q_value': 3.783572196960449, 'std_q_value': 0.16348548233509064}
2025-04-04 17:52:46,794 - INFO - Exploitation: w selected move d1c2
2025-04-04 17:52:46,794 - INFO - Random exploration: w selected move d1c2
2025-04-04 17:52:46,795 - INFO - White executed move: d1c2
2025-04-04 17:52:47,268 - INFO - Q-values analysis: {'max_q_value': 4.188517093658447, 'min_q_value': 3.5029475688934326, 'mean_q_value': 3.852592706680298, 'median_q_value': 3.892193555831909, 'std_q_value': 0.1722836196422577}
2025-04-04 17:52:47,269 - INFO - Exploitation: b selected move g2g8
2025-04-04 17:52:47,269 - INFO - Black executed move: g2g8
2025-04-04 17:52:47,730 - INFO - Q-values analysis: {'max_q_value': 4.0996880531311035, 'min_q_value': 3.4007835388183594, 'mean_q_value': 3.8112070560455322, 'median_q_value': 3.8453025817871094, 'std_q_value': 0.1860005259513855}
2025-04-04 17:52:47,730 - INFO - Exploitation: w selected move c2d2
2025-04-04 17:52:47,730 - INFO - White executed move: c2d2
2025-04-04 17:52:48,204 - INFO - Q-values analysis: {'max_q_value': 4.283185958862305, 'min_q_value': 3.5125579833984375, 'mean_q_value': 3.963172197341919, 'median_q_value': 3.96445369720459, 'std_q_value': 0.18668439984321594}
2025-04-04 17:52:48,205 - INFO - Exploitation: b selected move b6d4
2025-04-04 17:52:48,205 - INFO - Black executed move: b6d4
2025-04-04 17:52:48,694 - INFO - Q-values analysis: {'max_q_value': 3.6240384578704834, 'min_q_value': 3.083301305770874, 'mean_q_value': 3.3741586208343506, 'median_q_value': 3.353369951248169, 'std_q_value': 0.14684005081653595}
2025-04-04 17:52:48,695 - INFO - Exploitation: w selected move d2e2
2025-04-04 17:52:48,695 - INFO - Random exploration: w selected move d2e2
2025-04-04 17:52:48,695 - INFO - White executed move: d2e2
2025-04-04 17:52:49,204 - INFO - Q-values analysis: {'max_q_value': 4.040916442871094, 'min_q_value': 3.439587354660034, 'mean_q_value': 3.749260425567627, 'median_q_value': 3.735595941543579, 'std_q_value': 0.14674893021583557}
2025-04-04 17:52:49,204 - INFO - Exploitation: b selected move d4b6
2025-04-04 17:52:49,205 - INFO - Black executed move: d4b6
2025-04-04 17:52:49,607 - INFO - Random exploration: w selected move e2d1
2025-04-04 17:52:49,608 - INFO - White executed move: e2d1
2025-04-04 17:52:50,091 - INFO - Q-values analysis: {'max_q_value': 4.687480926513672, 'min_q_value': 3.8294811248779297, 'mean_q_value': 4.201522350311279, 'median_q_value': 4.195378303527832, 'std_q_value': 0.2029881328344345}
2025-04-04 17:52:50,091 - INFO - Exploitation: b selected move b6e3
2025-04-04 17:52:50,091 - INFO - Random exploration: b selected move b6e3
2025-04-04 17:52:50,092 - INFO - Black executed move: b6e3
2025-04-04 17:52:50,374 - INFO - Random exploration: w selected move b3d4
2025-04-04 17:52:50,375 - INFO - White executed move: b3d4
2025-04-04 17:52:50,765 - INFO - Q-values analysis: {'max_q_value': 5.530466556549072, 'min_q_value': 4.602173805236816, 'mean_q_value': 5.140809059143066, 'median_q_value': 5.148897171020508, 'std_q_value': 0.19573400914669037}
2025-04-04 17:52:50,765 - INFO - Exploitation: b selected move e3d2
2025-04-04 17:52:50,765 - INFO - Random exploration: b selected move e3d2
2025-04-04 17:52:50,765 - INFO - Black executed move: e3d2
2025-04-04 17:52:51,157 - INFO - Q-values analysis: {'max_q_value': 4.651360988616943, 'min_q_value': 3.8418548107147217, 'mean_q_value': 4.231680393218994, 'median_q_value': 4.227468967437744, 'std_q_value': 0.15626686811447144}
2025-04-04 17:52:51,158 - INFO - Exploitation: w selected move d4b3
2025-04-04 17:52:51,158 - INFO - Random exploration: w selected move d4b3
2025-04-04 17:52:51,159 - INFO - White executed move: d4b3
2025-04-04 17:52:51,525 - INFO - Q-values analysis: {'max_q_value': 4.148706912994385, 'min_q_value': 3.5046210289001465, 'mean_q_value': 3.7531538009643555, 'median_q_value': 3.7376773357391357, 'std_q_value': 0.14773383736610413}
2025-04-04 17:52:51,525 - INFO - Exploitation: b selected move d2e1
2025-04-04 17:52:51,525 - INFO - Black executed move: d2e1
2025-04-04 17:52:51,867 - INFO - Q-values analysis: {'max_q_value': 4.493045806884766, 'min_q_value': 3.667553663253784, 'mean_q_value': 4.092904090881348, 'median_q_value': 4.1144118309021, 'std_q_value': 0.16382825374603271}
2025-04-04 17:52:51,868 - INFO - Exploitation: w selected move b3c1
2025-04-04 17:52:51,868 - INFO - White executed move: b3c1
2025-04-04 17:52:52,200 - INFO - Q-values analysis: {'max_q_value': 4.942073345184326, 'min_q_value': 3.965153217315674, 'mean_q_value': 4.41560697555542, 'median_q_value': 4.397747039794922, 'std_q_value': 0.19724154472351074}
2025-04-04 17:52:52,200 - INFO - Exploitation: b selected move b4b3
2025-04-04 17:52:52,201 - INFO - Black executed move: b4b3
2025-04-04 17:52:52,558 - INFO - Q-values analysis: {'max_q_value': 3.0045101642608643, 'min_q_value': 2.300058603286743, 'mean_q_value': 2.6717283725738525, 'median_q_value': 2.691728115081787, 'std_q_value': 0.14816829562187195}
2025-04-04 17:52:52,559 - INFO - Exploitation: w selected move c1e2
2025-04-04 17:52:52,559 - INFO - White executed move: c1e2
2025-04-04 17:52:52,970 - INFO - Q-values analysis: {'max_q_value': 2.7161002159118652, 'min_q_value': 2.133852243423462, 'mean_q_value': 2.505821704864502, 'median_q_value': 2.5073962211608887, 'std_q_value': 0.12463909387588501}
2025-04-04 17:52:52,970 - INFO - Exploitation: b selected move e1f2
2025-04-04 17:52:52,970 - INFO - Black executed move: e1f2
2025-04-04 17:52:53,224 - INFO - White executed move: e6f6
2025-04-04 17:52:53,607 - INFO - Q-values analysis: {'max_q_value': 2.849501609802246, 'min_q_value': 2.244328737258911, 'mean_q_value': 2.6292974948883057, 'median_q_value': 2.6428685188293457, 'std_q_value': 0.13853086531162262}
2025-04-04 17:52:53,607 - INFO - Exploitation: b selected move g8g2
2025-04-04 17:52:53,607 - INFO - Random exploration: b selected move g8g2
2025-04-04 17:52:53,607 - INFO - Black executed move: g8g2
2025-04-04 17:52:54,108 - INFO - Q-values analysis: {'max_q_value': 3.128549098968506, 'min_q_value': 2.460883617401123, 'mean_q_value': 2.867417573928833, 'median_q_value': 2.9002349376678467, 'std_q_value': 0.15234163403511047}
2025-04-04 17:52:54,108 - INFO - Exploitation: w selected move f6a6
2025-04-04 17:52:54,109 - INFO - Random exploration: w selected move f6a6
2025-04-04 17:52:54,109 - INFO - White executed move: f6a6
2025-04-04 17:52:54,533 - INFO - Black executed move: g2g6
2025-04-04 17:52:54,857 - INFO - Random exploration: w selected move a6b6
2025-04-04 17:52:54,858 - INFO - White executed move: a6b6
2025-04-04 17:52:55,158 - INFO - Black executed move: b3b2
2025-04-04 17:52:55,597 - INFO - Q-values analysis: {'max_q_value': 2.8489906787872314, 'min_q_value': 2.17779278755188, 'mean_q_value': 2.6193325519561768, 'median_q_value': 2.6327903270721436, 'std_q_value': 0.1484195739030838}
2025-04-04 17:52:55,598 - INFO - Exploitation: w selected move e2g1
2025-04-04 17:52:55,599 - INFO - Random exploration: w selected move e2g1
2025-04-04 17:52:55,599 - INFO - White executed move: e2g1
2025-04-04 17:52:55,984 - INFO - Q-values analysis: {'max_q_value': 3.6448745727539062, 'min_q_value': 2.8781418800354004, 'mean_q_value': 3.2632529735565186, 'median_q_value': 3.2594847679138184, 'std_q_value': 0.14360935986042023}
2025-04-04 17:52:55,984 - INFO - Exploitation: b selected move f2g1
2025-04-04 17:52:55,985 - INFO - Black executed move: f2g1
2025-04-04 17:52:56,372 - INFO - Q-values analysis: {'max_q_value': 2.5348246097564697, 'min_q_value': 1.9556851387023926, 'mean_q_value': 2.3297781944274902, 'median_q_value': 2.3512096405029297, 'std_q_value': 0.14024148881435394}
2025-04-04 17:52:56,373 - INFO - Exploitation: w selected move b6b5
2025-04-04 17:52:56,373 - INFO - Random exploration: w selected move b6b5
2025-04-04 17:52:56,373 - INFO - White executed move: b6b5
2025-04-04 17:52:56,643 - INFO - Black executed move: d8c8
2025-04-04 17:52:56,936 - INFO - White executed move: b5g5
2025-04-04 17:52:57,293 - INFO - Q-values analysis: {'max_q_value': 2.284649133682251, 'min_q_value': 1.6444077491760254, 'mean_q_value': 1.9453413486480713, 'median_q_value': 1.9641358852386475, 'std_q_value': 0.14892879128456116}
2025-04-04 17:52:57,294 - INFO - Exploitation: b selected move g1b6
2025-04-04 17:52:57,294 - INFO - Random exploration: b selected move g1b6
2025-04-04 17:52:57,294 - INFO - Black executed move: g1b6
2025-04-04 17:52:57,563 - INFO - Random exploration: w selected move g5b5
2025-04-04 17:52:57,564 - INFO - White executed move: g5b5
2025-04-04 17:52:57,823 - INFO - Random exploration: b selected move b6d8
2025-04-04 17:52:57,823 - INFO - Black executed move: b6d8
2025-04-04 17:52:58,202 - INFO - Q-values analysis: {'max_q_value': 1.9787650108337402, 'min_q_value': 1.4819962978363037, 'mean_q_value': 1.7284791469573975, 'median_q_value': 1.7482836246490479, 'std_q_value': 0.12363144010305405}
2025-04-04 17:52:58,202 - INFO - Exploitation: w selected move d1e1
2025-04-04 17:52:58,203 - INFO - Random exploration: w selected move d1e1
2025-04-04 17:52:58,203 - INFO - White executed move: d1e1
2025-04-04 17:52:58,472 - INFO - Black executed move: d8b6
2025-04-04 17:52:58,835 - INFO - Q-values analysis: {'max_q_value': 2.2857251167297363, 'min_q_value': 1.911180019378662, 'mean_q_value': 2.1597678661346436, 'median_q_value': 2.155975818634033, 'std_q_value': 0.09573440998792648}
2025-04-04 17:52:58,835 - INFO - Exploitation: w selected move e1f1
2025-04-04 17:52:58,836 - INFO - Random exploration: w selected move e1f1
2025-04-04 17:52:58,836 - INFO - White executed move: e1f1
2025-04-04 17:52:59,187 - INFO - Q-values analysis: {'max_q_value': 2.213757276535034, 'min_q_value': 1.8417434692382812, 'mean_q_value': 2.019476890563965, 'median_q_value': 2.0070037841796875, 'std_q_value': 0.08734661340713501}
2025-04-04 17:52:59,188 - INFO - Exploitation: b selected move g6g4
2025-04-04 17:52:59,189 - INFO - Random exploration: b selected move g6g4
2025-04-04 17:52:59,189 - INFO - Black executed move: g6g4
2025-04-04 17:52:59,452 - INFO - Random exploration: w selected move f1e2
2025-04-04 17:52:59,454 - INFO - White executed move: f1e2
2025-04-04 17:52:59,723 - INFO - Black executed move: g4b4
2025-04-04 17:53:00,059 - INFO - White executed move: e2d3
2025-04-04 17:53:00,340 - INFO - Random exploration: b selected move b4e4
2025-04-04 17:53:00,341 - INFO - Black executed move: b4e4
2025-04-04 17:53:00,921 - INFO - White executed move: b5c5
2025-04-04 17:53:01,196 - INFO - Black executed move: c8b8
2025-04-04 17:53:01,601 - INFO - Q-values analysis: {'max_q_value': 1.4443342685699463, 'min_q_value': 1.1120240688323975, 'mean_q_value': 1.2745509147644043, 'median_q_value': 1.2758699655532837, 'std_q_value': 0.08001124858856201}
2025-04-04 17:53:01,602 - INFO - Exploitation: w selected move c5c1
2025-04-04 17:53:01,602 - INFO - White executed move: c5c1
2025-04-04 17:53:01,920 - INFO - Black executed move: e4e3
2025-04-04 17:53:02,233 - INFO - Random exploration: w selected move d3d2
2025-04-04 17:53:02,233 - INFO - White executed move: d3d2
2025-04-04 17:53:02,552 - INFO - Q-values analysis: {'max_q_value': 1.834449291229248, 'min_q_value': 1.4527475833892822, 'mean_q_value': 1.6541193723678589, 'median_q_value': 1.6673778295516968, 'std_q_value': 0.0860951766371727}
2025-04-04 17:53:02,552 - INFO - Exploitation: b selected move b2b1n
2025-04-04 17:53:02,552 - INFO - Random exploration: b selected move b2b1n
2025-04-04 17:53:02,554 - INFO - Black executed move: b2b1q
2025-04-04 17:53:02,888 - INFO - Q-values analysis: {'max_q_value': 2.303882360458374, 'min_q_value': 1.9529542922973633, 'mean_q_value': 2.1431643962860107, 'median_q_value': 2.158085823059082, 'std_q_value': 0.10837490856647491}
2025-04-04 17:53:02,888 - INFO - Exploitation: w selected move d2d1
2025-04-04 17:53:02,889 - INFO - Random exploration: w selected move d2d1
2025-04-04 17:53:02,890 - INFO - White executed move: d2d1
2025-04-04 17:53:03,237 - INFO - Q-values analysis: {'max_q_value': 2.396083354949951, 'min_q_value': 0.0069770668633282185, 'mean_q_value': 2.032618761062622, 'median_q_value': 2.15109920501709, 'std_q_value': 0.48793649673461914}
2025-04-04 17:53:03,237 - INFO - Exploitation: b selected move b1b3
2025-04-04 17:53:03,237 - INFO - Black executed move: b1b3
2025-04-04 17:53:03,595 - INFO - Q-values analysis: {'max_q_value': 2.0762643814086914, 'min_q_value': 1.846011757850647, 'mean_q_value': 1.9611380100250244, 'median_q_value': 1.9611380100250244, 'std_q_value': 0.11512631177902222}
2025-04-04 17:53:03,595 - INFO - Exploitation: w selected move c1c2
2025-04-04 17:53:03,596 - INFO - White executed move: c1c2
2025-04-04 17:53:03,972 - INFO - Q-values analysis: {'max_q_value': 2.2323496341705322, 'min_q_value': 0.003558609401807189, 'mean_q_value': 1.9156126976013184, 'median_q_value': 2.028892993927002, 'std_q_value': 0.46404406428337097}
2025-04-04 17:53:03,972 - INFO - Exploitation: b selected move b8b7
2025-04-04 17:53:03,973 - INFO - Black executed move: b8b7
2025-04-04 17:53:04,371 - INFO - Q-values analysis: {'max_q_value': 2.336256265640259, 'min_q_value': 2.2158350944519043, 'mean_q_value': 2.276045799255371, 'median_q_value': 2.276045799255371, 'std_q_value': 0.060210585594177246}
2025-04-04 17:53:04,371 - INFO - Exploitation: w selected move d1c1
2025-04-04 17:53:04,372 - INFO - Random exploration: w selected move d1c1
2025-04-04 17:53:04,372 - INFO - White executed move: d1c1
2025-04-04 17:53:04,742 - INFO - Q-values analysis: {'max_q_value': 2.385835647583008, 'min_q_value': -0.21889163553714752, 'mean_q_value': 1.9446529150009155, 'median_q_value': 2.108895778656006, 'std_q_value': 0.5983097553253174}
2025-04-04 17:53:04,742 - INFO - Exploitation: b selected move b3e6
2025-04-04 17:53:04,743 - INFO - Black executed move: b3e6
2025-04-04 17:53:05,013 - INFO - White executed move: c1b1
2025-04-04 17:53:05,275 - INFO - Black executed move: e3e5
2025-04-04 17:53:05,544 - INFO - Random exploration: w selected move c2c5
2025-04-04 17:53:05,544 - INFO - White executed move: c2c5
2025-04-04 17:53:05,807 - INFO - Black executed move: e5d5
2025-04-04 17:53:06,231 - INFO - Q-values analysis: {'max_q_value': 2.286677837371826, 'min_q_value': 1.8464308977127075, 'mean_q_value': 2.1091439723968506, 'median_q_value': 2.1436376571655273, 'std_q_value': 0.1272362917661667}
2025-04-04 17:53:06,231 - INFO - Exploitation: w selected move b1c1
2025-04-04 17:53:06,232 - INFO - White executed move: b1c1
2025-04-04 17:53:06,649 - INFO - Random exploration: b selected move e6c6
2025-04-04 17:53:06,650 - INFO - Black executed move: e6c6
2025-04-04 17:53:07,110 - INFO - Q-values analysis: {'max_q_value': 2.753481388092041, 'min_q_value': 2.381868839263916, 'mean_q_value': 2.571469783782959, 'median_q_value': 2.6272194385528564, 'std_q_value': 0.13656367361545563}
2025-04-04 17:53:07,111 - INFO - Exploitation: w selected move c5c4
2025-04-04 17:53:07,111 - INFO - Random exploration: w selected move c5c4
2025-04-04 17:53:07,112 - INFO - White executed move: c5c4
2025-04-04 17:53:07,500 - INFO - Q-values analysis: {'max_q_value': 2.9120962619781494, 'min_q_value': -1.06996750831604, 'mean_q_value': 2.2073514461517334, 'median_q_value': 2.6586039066314697, 'std_q_value': 1.1026804447174072}
2025-04-04 17:53:07,500 - INFO - Exploitation: b selected move d5h5
2025-04-04 17:53:07,501 - INFO - Black executed move: d5h5
2025-04-04 17:53:07,787 - INFO - White executed move: c1d1
2025-04-04 17:53:08,170 - INFO - Q-values analysis: {'max_q_value': 2.662916421890259, 'min_q_value': -1.0004222393035889, 'mean_q_value': 1.9173729419708252, 'median_q_value': 2.3610739707946777, 'std_q_value': 1.0189907550811768}
2025-04-04 17:53:08,170 - INFO - Exploitation: b selected move c6e6
2025-04-04 17:53:08,170 - INFO - Random exploration: b selected move c6e6
2025-04-04 17:53:08,171 - INFO - Black executed move: c6e6
2025-04-04 17:53:08,610 - INFO - Q-values analysis: {'max_q_value': 2.625990867614746, 'min_q_value': 2.1074609756469727, 'mean_q_value': 2.369199752807617, 'median_q_value': 2.397854804992676, 'std_q_value': 0.14226649701595306}
2025-04-04 17:53:08,611 - INFO - Exploitation: w selected move c4c1
2025-04-04 17:53:08,612 - INFO - White executed move: c4c1
2025-04-04 17:53:09,104 - INFO - Q-values analysis: {'max_q_value': 2.4981625080108643, 'min_q_value': -0.9639493227005005, 'mean_q_value': 1.7536135911941528, 'median_q_value': 2.2228682041168213, 'std_q_value': 0.9947483539581299}
2025-04-04 17:53:09,105 - INFO - Exploitation: b selected move b6d4
2025-04-04 17:53:09,106 - INFO - Random exploration: b selected move b6d4
2025-04-04 17:53:09,107 - INFO - Black executed move: b6d4
2025-04-04 17:53:09,613 - INFO - White executed move: c1a1
2025-04-04 17:53:09,910 - INFO - Black executed move: e6f7
2025-04-04 17:53:10,407 - INFO - Q-values analysis: {'max_q_value': 2.511690139770508, 'min_q_value': 2.049079179763794, 'mean_q_value': 2.306265115737915, 'median_q_value': 2.308250665664673, 'std_q_value': 0.16354119777679443}
2025-04-04 17:53:10,407 - INFO - Exploitation: w selected move d1d2
2025-04-04 17:53:10,409 - INFO - Random exploration: w selected move d1d2
2025-04-04 17:53:10,410 - INFO - White executed move: d1d2
2025-04-04 17:53:10,839 - INFO - Q-values analysis: {'max_q_value': 2.437047243118286, 'min_q_value': -0.9743819236755371, 'mean_q_value': 1.6221400499343872, 'median_q_value': 2.158576011657715, 'std_q_value': 0.9801814556121826}
2025-04-04 17:53:10,839 - INFO - Exploitation: b selected move h5d5
2025-04-04 17:53:10,839 - INFO - Random exploration: b selected move h5d5
2025-04-04 17:53:10,840 - INFO - Black executed move: h5d5
2025-04-04 17:53:11,160 - INFO - Random exploration: w selected move a1g1
2025-04-04 17:53:11,161 - INFO - White executed move: a1g1
2025-04-04 17:53:11,552 - INFO - Q-values analysis: {'max_q_value': 2.682574510574341, 'min_q_value': -1.0881719589233398, 'mean_q_value': 1.8026137351989746, 'median_q_value': 2.3917369842529297, 'std_q_value': 1.1057159900665283}
2025-04-04 17:53:11,553 - INFO - Exploitation: b selected move d5e5
2025-04-04 17:53:11,554 - INFO - Black executed move: d5e5
2025-04-04 17:53:11,865 - INFO - White executed move: g1b1
2025-04-04 17:53:12,197 - INFO - Black executed move: b7c8
2025-04-04 17:53:12,611 - INFO - Q-values analysis: {'max_q_value': 2.4582009315490723, 'min_q_value': 2.049121856689453, 'mean_q_value': 2.27514386177063, 'median_q_value': 2.284308433532715, 'std_q_value': 0.10123394429683685}
2025-04-04 17:53:12,611 - INFO - Exploitation: w selected move b1f1
2025-04-04 17:53:12,611 - INFO - Random exploration: w selected move b1f1
2025-04-04 17:53:12,612 - INFO - White executed move: b1f1
2025-04-04 17:53:13,015 - INFO - Random exploration: b selected move c8b7
2025-04-04 17:53:13,017 - INFO - Black executed move: c8b7
2025-04-04 17:53:13,403 - INFO - Random exploration: w selected move f1a1
2025-04-04 17:53:13,404 - INFO - White executed move: f1a1
2025-04-04 17:53:13,858 - INFO - Q-values analysis: {'max_q_value': 2.69753098487854, 'min_q_value': -1.1167466640472412, 'mean_q_value': 1.8293604850769043, 'median_q_value': 2.4237418174743652, 'std_q_value': 1.1137489080429077}
2025-04-04 17:53:13,860 - INFO - Exploitation: b selected move e5f5
2025-04-04 17:53:13,861 - INFO - Black executed move: e5f5
2025-04-04 17:53:14,371 - INFO - White executed move: d2c2
2025-04-04 17:53:14,884 - INFO - Black executed move: f7c7
2025-04-04 17:53:15,380 - INFO - Q-values analysis: {'max_q_value': 2.8054840564727783, 'min_q_value': 2.5219898223876953, 'mean_q_value': 2.6869425773620605, 'median_q_value': 2.724886178970337, 'std_q_value': 0.1072467565536499}
2025-04-04 17:53:15,380 - INFO - Exploitation: w selected move c2b3
2025-04-04 17:53:15,381 - INFO - White executed move: c2b3
2025-04-04 17:53:15,920 - INFO - Q-values analysis: {'max_q_value': 2.7153778076171875, 'min_q_value': -1.0491418838500977, 'mean_q_value': 1.6589548587799072, 'median_q_value': 2.301496744155884, 'std_q_value': 1.1425420045852661}
2025-04-04 17:53:15,920 - INFO - Exploitation: b selected move f5d5
2025-04-04 17:53:15,920 - INFO - Random exploration: b selected move f5d5
2025-04-04 17:53:15,921 - INFO - Black executed move: f5d5
2025-04-04 17:53:16,241 - INFO - White executed move: b3a4
2025-04-04 17:53:16,540 - INFO - Random exploration: b selected move d5e5
2025-04-04 17:53:16,540 - INFO - Black executed move: d5e5
2025-04-04 17:53:16,848 - INFO - White executed move: a4b3
2025-04-04 17:53:17,191 - INFO - Q-values analysis: {'max_q_value': 2.5920562744140625, 'min_q_value': -1.0647791624069214, 'mean_q_value': 1.857662320137024, 'median_q_value': 2.305804967880249, 'std_q_value': 0.9867935180664062}
2025-04-04 17:53:17,191 - INFO - Exploitation: b selected move e5e4
2025-04-04 17:53:17,192 - INFO - Random exploration: b selected move e5e4
2025-04-04 17:53:17,192 - INFO - Black executed move: e5e4
2025-04-04 17:53:17,477 - INFO - White executed move: b3a2
2025-04-04 17:53:17,820 - INFO - Q-values analysis: {'max_q_value': 2.208099603652954, 'min_q_value': -0.9275236129760742, 'mean_q_value': 1.3899163007736206, 'median_q_value': 1.9141108989715576, 'std_q_value': 0.9525156617164612}
2025-04-04 17:53:17,820 - INFO - Exploitation: b selected move e4e5
2025-04-04 17:53:17,821 - INFO - Black executed move: e4e5
2025-04-04 17:53:18,092 - INFO - Random exploration: w selected move a1f1
2025-04-04 17:53:18,093 - INFO - White executed move: a1f1
2025-04-04 17:53:18,436 - INFO - Q-values analysis: {'max_q_value': 2.0990278720855713, 'min_q_value': -0.8082888126373291, 'mean_q_value': 1.3954986333847046, 'median_q_value': 1.8037993907928467, 'std_q_value': 0.8417947292327881}
2025-04-04 17:53:18,437 - INFO - Exploitation: b selected move c7e7
2025-04-04 17:53:18,437 - INFO - Black executed move: c7e7
2025-04-04 17:53:18,793 - INFO - Q-values analysis: {'max_q_value': 2.487717866897583, 'min_q_value': 1.7328757047653198, 'mean_q_value': 2.1342387199401855, 'median_q_value': 2.1030075550079346, 'std_q_value': 0.16940467059612274}
2025-04-04 17:53:18,793 - INFO - Exploitation: w selected move f1f4
2025-04-04 17:53:18,794 - INFO - White executed move: f1f4
2025-04-04 17:53:19,161 - INFO - Q-values analysis: {'max_q_value': 2.9442760944366455, 'min_q_value': -1.103275179862976, 'mean_q_value': 2.0158629417419434, 'median_q_value': 2.502791404724121, 'std_q_value': 1.0696330070495605}
2025-04-04 17:53:19,162 - INFO - Exploitation: b selected move e7d7
2025-04-04 17:53:19,162 - INFO - Black executed move: e7d7
2025-04-04 17:53:19,430 - INFO - White executed move: f4f1
2025-04-04 17:53:19,791 - INFO - Q-values analysis: {'max_q_value': 2.1778478622436523, 'min_q_value': -0.895317554473877, 'mean_q_value': 1.4744462966918945, 'median_q_value': 1.9270362854003906, 'std_q_value': 0.8928785920143127}
2025-04-04 17:53:19,792 - INFO - Exploitation: b selected move d7e7
2025-04-04 17:53:19,792 - INFO - Black executed move: d7e7
2025-04-04 17:53:20,053 - INFO - White executed move: f1g1
2025-04-04 17:53:20,391 - INFO - Q-values analysis: {'max_q_value': 2.868654727935791, 'min_q_value': -1.109706997871399, 'mean_q_value': 1.9808697700500488, 'median_q_value': 2.4681262969970703, 'std_q_value': 1.035569190979004}
2025-04-04 17:53:20,391 - INFO - Exploitation: b selected move e7d7
2025-04-04 17:53:20,391 - INFO - Black executed move: e7d7
2025-04-04 17:53:20,751 - INFO - Q-values analysis: {'max_q_value': 2.5827038288116455, 'min_q_value': 2.053549289703369, 'mean_q_value': 2.3911988735198975, 'median_q_value': 2.4092612266540527, 'std_q_value': 0.13387379050254822}
2025-04-04 17:53:20,752 - INFO - Exploitation: w selected move g1g5
2025-04-04 17:53:20,752 - INFO - White executed move: g1g5
2025-04-04 17:53:21,097 - INFO - Q-values analysis: {'max_q_value': 2.9765465259552, 'min_q_value': -1.26334810256958, 'mean_q_value': 2.074645519256592, 'median_q_value': 2.637930154800415, 'std_q_value': 1.169665813446045}
2025-04-04 17:53:21,098 - INFO - Exploitation: b selected move e5b5
2025-04-04 17:53:21,099 - INFO - Black executed move: e5b5
2025-04-04 17:53:21,463 - INFO - Q-values analysis: {'max_q_value': 2.2990517616271973, 'min_q_value': 1.703054666519165, 'mean_q_value': 2.1117775440216064, 'median_q_value': 2.1289029121398926, 'std_q_value': 0.13702377676963806}
2025-04-04 17:53:21,464 - INFO - Exploitation: w selected move g5d5
2025-04-04 17:53:21,464 - INFO - White executed move: g5d5
2025-04-04 17:53:21,730 - INFO - Black executed move: d4a1
2025-04-04 17:53:22,086 - INFO - Q-values analysis: {'max_q_value': 1.5929592847824097, 'min_q_value': 1.0946418046951294, 'mean_q_value': 1.3755080699920654, 'median_q_value': 1.391309142112732, 'std_q_value': 0.11913982033729553}
2025-04-04 17:53:22,086 - INFO - Exploitation: w selected move d5c5
2025-04-04 17:53:22,087 - INFO - White executed move: d5c5
2025-04-04 17:53:22,507 - INFO - Q-values analysis: {'max_q_value': 2.1052563190460205, 'min_q_value': -0.2757094204425812, 'mean_q_value': 1.6943714618682861, 'median_q_value': 1.8450396060943604, 'std_q_value': 0.5377272963523865}
2025-04-04 17:53:22,507 - INFO - Exploitation: b selected move a1g7
2025-04-04 17:53:22,508 - INFO - Black executed move: a1g7
2025-04-04 17:53:22,864 - INFO - Q-values analysis: {'max_q_value': 2.1880946159362793, 'min_q_value': 1.7751245498657227, 'mean_q_value': 2.041795015335083, 'median_q_value': 2.0468223094940186, 'std_q_value': 0.10889913886785507}
2025-04-04 17:53:22,864 - INFO - Exploitation: w selected move c5e5
2025-04-04 17:53:22,865 - INFO - White executed move: c5e5
2025-04-04 17:53:23,211 - INFO - Q-values analysis: {'max_q_value': 1.7927740812301636, 'min_q_value': -0.28414225578308105, 'mean_q_value': 1.4322481155395508, 'median_q_value': 1.5743755102157593, 'std_q_value': 0.45270392298698425}
2025-04-04 17:53:23,211 - INFO - Exploitation: b selected move b5d5
2025-04-04 17:53:23,212 - INFO - Black executed move: b5d5
2025-04-04 17:53:23,467 - INFO - Random exploration: w selected move a2a1
2025-04-04 17:53:23,467 - INFO - White executed move: a2a1
2025-04-04 17:53:23,815 - INFO - Q-values analysis: {'max_q_value': 2.6015052795410156, 'min_q_value': 0.05249999463558197, 'mean_q_value': 2.2185285091400146, 'median_q_value': 2.262941360473633, 'std_q_value': 0.4014700949192047}
2025-04-04 17:53:23,815 - INFO - Exploitation: b selected move d5d4
2025-04-04 17:53:23,815 - INFO - Random exploration: b selected move d5d4
2025-04-04 17:53:23,817 - INFO - Black executed move: d5d4
2025-04-04 17:53:24,161 - INFO - Q-values analysis: {'max_q_value': 2.238157272338867, 'min_q_value': 1.6814608573913574, 'mean_q_value': 2.043057918548584, 'median_q_value': 2.0809829235076904, 'std_q_value': 0.12818126380443573}
2025-04-04 17:53:24,161 - INFO - Exploitation: w selected move e5e2
2025-04-04 17:53:24,162 - INFO - White executed move: e5e2
2025-04-04 17:53:24,608 - INFO - Q-values analysis: {'max_q_value': 2.431032419204712, 'min_q_value': -0.308052122592926, 'mean_q_value': 1.9725215435028076, 'median_q_value': 2.104033946990967, 'std_q_value': 0.5931503772735596}
2025-04-04 17:53:24,609 - INFO - Exploitation: b selected move d4f4
2025-04-04 17:53:24,609 - INFO - Random exploration: b selected move d4f4
2025-04-04 17:53:24,609 - INFO - Black executed move: d4f4
2025-04-04 17:53:24,969 - INFO - Q-values analysis: {'max_q_value': 2.4167566299438477, 'min_q_value': 2.1849441528320312, 'mean_q_value': 2.326486110687256, 'median_q_value': 2.3521218299865723, 'std_q_value': 0.0946849063038826}
2025-04-04 17:53:24,970 - INFO - Exploitation: w selected move a1b1
2025-04-04 17:53:24,970 - INFO - Random exploration: w selected move a1b1
2025-04-04 17:53:24,970 - INFO - White executed move: a1b1
2025-04-04 17:53:25,320 - INFO - Q-values analysis: {'max_q_value': 3.301144599914551, 'min_q_value': -1.2870904207229614, 'mean_q_value': 2.1908156871795654, 'median_q_value': 2.822178602218628, 'std_q_value': 1.3066716194152832}
2025-04-04 17:53:25,321 - INFO - Exploitation: b selected move d7b5
2025-04-04 17:53:25,321 - INFO - Black executed move: d7b5
2025-04-04 17:53:25,659 - INFO - Q-values analysis: {'max_q_value': 3.2572524547576904, 'min_q_value': 2.8330328464508057, 'mean_q_value': 3.071366548538208, 'median_q_value': 3.097590446472168, 'std_q_value': 0.17518498003482819}
2025-04-04 17:53:25,659 - INFO - Exploitation: w selected move b1a2
2025-04-04 17:53:25,660 - INFO - White executed move: b1a2
2025-04-04 17:53:26,007 - INFO - Q-values analysis: {'max_q_value': 2.590381145477295, 'min_q_value': -1.0238350629806519, 'mean_q_value': 1.6746413707733154, 'median_q_value': 2.2630436420440674, 'std_q_value': 1.08335280418396}
2025-04-04 17:53:26,007 - INFO - Exploitation: b selected move b5b6
2025-04-04 17:53:26,008 - INFO - Black executed move: b5b6
2025-04-04 17:53:26,364 - INFO - Q-values analysis: {'max_q_value': 2.546304225921631, 'min_q_value': 2.077949047088623, 'mean_q_value': 2.3669795989990234, 'median_q_value': 2.3961215019226074, 'std_q_value': 0.12404810637235641}
2025-04-04 17:53:26,364 - INFO - Exploitation: w selected move e2h2
2025-04-04 17:53:26,365 - INFO - White executed move: e2h2
2025-04-04 17:53:26,621 - INFO - Random exploration: b selected move b6b4
2025-04-04 17:53:26,622 - INFO - Black executed move: b6b4
2025-04-04 17:53:26,969 - INFO - Q-values analysis: {'max_q_value': 2.748077392578125, 'min_q_value': 2.443956136703491, 'mean_q_value': 2.5638370513916016, 'median_q_value': 2.5416512489318848, 'std_q_value': 0.0940207913517952}
2025-04-04 17:53:26,969 - INFO - Exploitation: w selected move h2b2
2025-04-04 17:53:26,969 - INFO - White executed move: h2b2
2025-04-04 17:53:27,316 - INFO - Q-values analysis: {'max_q_value': 2.839937686920166, 'min_q_value': 2.3646655082702637, 'mean_q_value': 2.651076078414917, 'median_q_value': 2.66509747505188, 'std_q_value': 0.12927834689617157}
2025-04-04 17:53:27,317 - INFO - Exploitation: b selected move b4b2
2025-04-04 17:53:27,317 - INFO - Black executed move: b4b2
2025-04-04 17:54:41,055 - INFO - LIME explanations saved to lime_explanations.json
2025-04-04 17:54:42,303 - INFO - LIME explanation plot for action 0 saved to c:\Users\Linhl\Downloads\Terminator-main\Terminator-main\Terminator-main\explanations\lime_explanation_action_0.png
2025-04-04 17:54:42,628 - INFO - LIME explanation plot for action 1 saved to c:\Users\Linhl\Downloads\Terminator-main\Terminator-main\Terminator-main\explanations\lime_explanation_action_1.png
2025-04-04 17:54:43,023 - INFO - LIME explanation plot for action 2 saved to c:\Users\Linhl\Downloads\Terminator-main\Terminator-main\Terminator-main\explanations\lime_explanation_action_2.png
2025-04-04 17:54:43,378 - INFO - LIME explanation plot for action 3 saved to c:\Users\Linhl\Downloads\Terminator-main\Terminator-main\Terminator-main\explanations\lime_explanation_action_3.png
2025-04-04 17:54:43,701 - INFO - LIME explanation plot for action 4 saved to c:\Users\Linhl\Downloads\Terminator-main\Terminator-main\Terminator-main\explanations\lime_explanation_action_4.png
2025-04-04 17:54:44,020 - INFO - LIME explanation plot for action 5 saved to c:\Users\Linhl\Downloads\Terminator-main\Terminator-main\Terminator-main\explanations\lime_explanation_action_5.png
2025-04-04 17:54:44,335 - INFO - LIME explanation plot for action 6 saved to c:\Users\Linhl\Downloads\Terminator-main\Terminator-main\Terminator-main\explanations\lime_explanation_action_6.png
2025-04-04 17:54:44,647 - INFO - LIME explanation plot for action 7 saved to c:\Users\Linhl\Downloads\Terminator-main\Terminator-main\Terminator-main\explanations\lime_explanation_action_7.png
2025-04-04 17:54:44,957 - INFO - LIME explanation plot for action 8 saved to c:\Users\Linhl\Downloads\Terminator-main\Terminator-main\Terminator-main\explanations\lime_explanation_action_8.png
2025-04-04 17:54:45,270 - INFO - LIME explanation plot for action 9 saved to c:\Users\Linhl\Downloads\Terminator-main\Terminator-main\Terminator-main\explanations\lime_explanation_action_9.png
2025-04-04 17:54:45,577 - INFO - LIME explanation plot for action 10 saved to c:\Users\Linhl\Downloads\Terminator-main\Terminator-main\Terminator-main\explanations\lime_explanation_action_10.png
2025-04-04 17:54:45,883 - INFO - LIME explanation plot for action 11 saved to c:\Users\Linhl\Downloads\Terminator-main\Terminator-main\Terminator-main\explanations\lime_explanation_action_11.png
2025-04-04 17:54:46,344 - INFO - LIME explanation plot for action 12 saved to c:\Users\Linhl\Downloads\Terminator-main\Terminator-main\Terminator-main\explanations\lime_explanation_action_12.png
2025-04-04 17:54:46,679 - INFO - LIME explanation plot for action 13 saved to c:\Users\Linhl\Downloads\Terminator-main\Terminator-main\Terminator-main\explanations\lime_explanation_action_13.png
2025-04-04 17:54:47,004 - INFO - LIME explanation plot for action 14 saved to c:\Users\Linhl\Downloads\Terminator-main\Terminator-main\Terminator-main\explanations\lime_explanation_action_14.png
2025-04-04 17:54:47,324 - INFO - LIME explanation plot for action 15 saved to c:\Users\Linhl\Downloads\Terminator-main\Terminator-main\Terminator-main\explanations\lime_explanation_action_15.png
2025-04-04 17:54:47,640 - INFO - LIME explanation plot for action 16 saved to c:\Users\Linhl\Downloads\Terminator-main\Terminator-main\Terminator-main\explanations\lime_explanation_action_16.png
2025-04-04 17:54:47,984 - INFO - LIME explanation plot for action 17 saved to c:\Users\Linhl\Downloads\Terminator-main\Terminator-main\Terminator-main\explanations\lime_explanation_action_17.png
2025-04-04 17:54:48,382 - INFO - LIME explanation plot for action 18 saved to c:\Users\Linhl\Downloads\Terminator-main\Terminator-main\Terminator-main\explanations\lime_explanation_action_18.png
2025-04-04 17:54:48,696 - INFO - LIME explanation plot for action 19 saved to c:\Users\Linhl\Downloads\Terminator-main\Terminator-main\Terminator-main\explanations\lime_explanation_action_19.png
2025-04-04 17:54:49,021 - INFO - LIME explanation plot for action 20 saved to c:\Users\Linhl\Downloads\Terminator-main\Terminator-main\Terminator-main\explanations\lime_explanation_action_20.png
2025-04-04 17:54:49,823 - INFO - LIME explanation plot for action 21 saved to c:\Users\Linhl\Downloads\Terminator-main\Terminator-main\Terminator-main\explanations\lime_explanation_action_21.png
2025-04-04 17:54:50,354 - INFO - LIME explanation plot for action 22 saved to c:\Users\Linhl\Downloads\Terminator-main\Terminator-main\Terminator-main\explanations\lime_explanation_action_22.png
2025-04-04 17:54:51,032 - INFO - LIME explanation plot for action 23 saved to c:\Users\Linhl\Downloads\Terminator-main\Terminator-main\Terminator-main\explanations\lime_explanation_action_23.png
2025-04-04 17:54:51,614 - INFO - LIME explanation plot for action 24 saved to c:\Users\Linhl\Downloads\Terminator-main\Terminator-main\Terminator-main\explanations\lime_explanation_action_24.png
2025-04-04 17:54:52,042 - INFO - LIME explanation plot for action 25 saved to c:\Users\Linhl\Downloads\Terminator-main\Terminator-main\Terminator-main\explanations\lime_explanation_action_25.png
2025-04-04 17:54:52,434 - INFO - LIME explanation plot for action 26 saved to c:\Users\Linhl\Downloads\Terminator-main\Terminator-main\Terminator-main\explanations\lime_explanation_action_26.png
2025-04-04 17:54:52,774 - INFO - LIME explanation plot for action 27 saved to c:\Users\Linhl\Downloads\Terminator-main\Terminator-main\Terminator-main\explanations\lime_explanation_action_27.png
2025-04-04 17:54:53,087 - INFO - LIME explanation plot for action 28 saved to c:\Users\Linhl\Downloads\Terminator-main\Terminator-main\Terminator-main\explanations\lime_explanation_action_28.png
2025-04-04 17:54:53,402 - INFO - LIME explanation plot for action 29 saved to c:\Users\Linhl\Downloads\Terminator-main\Terminator-main\Terminator-main\explanations\lime_explanation_action_29.png
2025-04-04 17:54:53,783 - INFO - LIME explanation plot for action 30 saved to c:\Users\Linhl\Downloads\Terminator-main\Terminator-main\Terminator-main\explanations\lime_explanation_action_30.png
2025-04-04 17:54:54,174 - INFO - LIME explanation plot for action 31 saved to c:\Users\Linhl\Downloads\Terminator-main\Terminator-main\Terminator-main\explanations\lime_explanation_action_31.png
2025-04-04 17:54:54,652 - INFO - LIME explanation plot for action 32 saved to c:\Users\Linhl\Downloads\Terminator-main\Terminator-main\Terminator-main\explanations\lime_explanation_action_32.png
2025-04-04 17:54:54,701 - INFO - White executed move: g2g4
2025-04-04 17:54:55,486 - INFO - Q-values analysis: {'max_q_value': 10.408736228942871, 'min_q_value': 7.639785289764404, 'mean_q_value': 9.72538948059082, 'median_q_value': 9.924930572509766, 'std_q_value': 0.72340989112854}
2025-04-04 17:54:55,487 - INFO - Exploitation: b selected move g8f6
2025-04-04 17:54:55,487 - INFO - Black executed move: g8f6
2025-04-04 17:54:55,904 - INFO - White executed move: b1c3
2025-04-04 17:54:56,377 - INFO - Q-values analysis: {'max_q_value': 10.359617233276367, 'min_q_value': 7.5424485206604, 'mean_q_value': 9.645916938781738, 'median_q_value': 9.801885604858398, 'std_q_value': 0.7041793465614319}
2025-04-04 17:54:56,377 - INFO - Exploitation: b selected move f6g8
2025-04-04 17:54:56,379 - INFO - Black executed move: f6g8
2025-04-04 17:54:56,634 - INFO - Random exploration: w selected move c3e4
2025-04-04 17:54:56,635 - INFO - White executed move: c3e4
2025-04-04 17:54:56,964 - INFO - Q-values analysis: {'max_q_value': 10.420387268066406, 'min_q_value': 7.656161785125732, 'mean_q_value': 9.663237571716309, 'median_q_value': 9.845479965209961, 'std_q_value': 0.7229208946228027}
2025-04-04 17:54:56,965 - INFO - Exploitation: b selected move b8a6
2025-04-04 17:54:56,965 - INFO - Black executed move: b8a6
2025-04-04 17:54:57,298 - INFO - Q-values analysis: {'max_q_value': 10.345026016235352, 'min_q_value': 7.624660968780518, 'mean_q_value': 9.56240463256836, 'median_q_value': 9.767706871032715, 'std_q_value': 0.6791872978210449}
2025-04-04 17:54:57,298 - INFO - Exploitation: w selected move e4c5
2025-04-04 17:54:57,298 - INFO - White executed move: e4c5
2025-04-04 17:54:57,543 - INFO - Black executed move: g7g6
2025-04-04 17:54:57,869 - INFO - Q-values analysis: {'max_q_value': 10.496127128601074, 'min_q_value': 7.69014835357666, 'mean_q_value': 9.724563598632812, 'median_q_value': 9.926446914672852, 'std_q_value': 0.6848469376564026}
2025-04-04 17:54:57,869 - INFO - Exploitation: w selected move c5a6
2025-04-04 17:54:57,870 - INFO - White executed move: c5a6
2025-04-04 17:54:58,204 - INFO - Q-values analysis: {'max_q_value': 10.190574645996094, 'min_q_value': 7.509305000305176, 'mean_q_value': 9.516798973083496, 'median_q_value': 9.712140083312988, 'std_q_value': 0.7074500918388367}
2025-04-04 17:54:58,205 - INFO - Exploitation: b selected move f8h6
2025-04-04 17:54:58,205 - INFO - Black executed move: f8h6
2025-04-04 17:54:58,537 - INFO - Q-values analysis: {'max_q_value': 9.883275985717773, 'min_q_value': 7.252584934234619, 'mean_q_value': 9.134886741638184, 'median_q_value': 9.27347183227539, 'std_q_value': 0.6408226490020752}
2025-04-04 17:54:58,538 - INFO - Exploitation: w selected move a6b4
2025-04-04 17:54:58,538 - INFO - White executed move: a6b4
2025-04-04 17:54:58,779 - INFO - Random exploration: b selected move h6g5
2025-04-04 17:54:58,780 - INFO - Black executed move: h6g5
2025-04-04 17:54:59,108 - INFO - Q-values analysis: {'max_q_value': 9.995499610900879, 'min_q_value': 7.562591552734375, 'mean_q_value': 9.334373474121094, 'median_q_value': 9.436599731445312, 'std_q_value': 0.606081485748291}
2025-04-04 17:54:59,108 - INFO - Exploitation: w selected move c2c3
2025-04-04 17:54:59,108 - INFO - White executed move: c2c3
2025-04-04 17:54:59,434 - INFO - Q-values analysis: {'max_q_value': 9.864813804626465, 'min_q_value': 7.611433029174805, 'mean_q_value': 9.131668090820312, 'median_q_value': 9.211578369140625, 'std_q_value': 0.583566427230835}
2025-04-04 17:54:59,434 - INFO - Exploitation: b selected move d7d6
2025-04-04 17:54:59,435 - INFO - Black executed move: d7d6
2025-04-04 17:54:59,758 - INFO - Q-values analysis: {'max_q_value': 9.185842514038086, 'min_q_value': 7.215058326721191, 'mean_q_value': 8.442584991455078, 'median_q_value': 8.528594970703125, 'std_q_value': 0.5459035634994507}
2025-04-04 17:54:59,758 - INFO - Exploitation: w selected move c3c4
2025-04-04 17:54:59,759 - INFO - White executed move: c3c4
2025-04-04 17:55:00,082 - INFO - Q-values analysis: {'max_q_value': 9.112577438354492, 'min_q_value': 6.937168121337891, 'mean_q_value': 8.367023468017578, 'median_q_value': 8.51659107208252, 'std_q_value': 0.573652446269989}
2025-04-04 17:55:00,083 - INFO - Exploitation: b selected move g5f4
2025-04-04 17:55:00,083 - INFO - Black executed move: g5f4
2025-04-04 17:55:00,402 - INFO - Q-values analysis: {'max_q_value': 9.370696067810059, 'min_q_value': 7.6250176429748535, 'mean_q_value': 8.608453750610352, 'median_q_value': 8.719801902770996, 'std_q_value': 0.5001769661903381}
2025-04-04 17:55:00,404 - INFO - Exploitation: w selected move g4g5
2025-04-04 17:55:00,404 - INFO - White executed move: g4g5
2025-04-04 17:55:00,645 - INFO - Black executed move: c8h3
2025-04-04 17:55:00,885 - INFO - White executed move: d1b3
2025-04-04 17:55:01,205 - INFO - Q-values analysis: {'max_q_value': 7.6694440841674805, 'min_q_value': 5.862777233123779, 'mean_q_value': 7.054318904876709, 'median_q_value': 7.1717681884765625, 'std_q_value': 0.4871858060359955}
2025-04-04 17:55:01,205 - INFO - Exploitation: b selected move c7c6
2025-04-04 17:55:01,207 - INFO - Black executed move: c7c6
2025-04-04 17:55:01,531 - INFO - Q-values analysis: {'max_q_value': 6.755937576293945, 'min_q_value': 5.112460613250732, 'mean_q_value': 6.210440158843994, 'median_q_value': 6.254626274108887, 'std_q_value': 0.4008254408836365}
2025-04-04 17:55:01,532 - INFO - Exploitation: w selected move a2a3
2025-04-04 17:55:01,532 - INFO - White executed move: a2a3
2025-04-04 17:55:01,856 - INFO - Q-values analysis: {'max_q_value': 6.594156742095947, 'min_q_value': -1.181328535079956, 'mean_q_value': 5.655494689941406, 'median_q_value': 6.0511674880981445, 'std_q_value': 1.5259736776351929}
2025-04-04 17:55:01,856 - INFO - Exploitation: b selected move h7h6
2025-04-04 17:55:01,858 - INFO - Black executed move: h7h6
2025-04-04 17:55:02,178 - INFO - Q-values analysis: {'max_q_value': 6.552635669708252, 'min_q_value': 4.944483280181885, 'mean_q_value': 6.016146659851074, 'median_q_value': 6.073919296264648, 'std_q_value': 0.3773081302642822}
2025-04-04 17:55:02,178 - INFO - Exploitation: w selected move a3a4
2025-04-04 17:55:02,178 - INFO - White executed move: a3a4
2025-04-04 17:55:02,512 - INFO - Q-values analysis: {'max_q_value': 6.437906265258789, 'min_q_value': -1.1342447996139526, 'mean_q_value': 5.563382625579834, 'median_q_value': 6.00994348526001, 'std_q_value': 1.4983593225479126}
2025-04-04 17:55:02,512 - INFO - Exploitation: b selected move h6g5
2025-04-04 17:55:02,512 - INFO - Black executed move: h6g5
2025-04-04 17:55:02,841 - INFO - Q-values analysis: {'max_q_value': 6.378584861755371, 'min_q_value': 4.945223808288574, 'mean_q_value': 5.882533550262451, 'median_q_value': 5.941009044647217, 'std_q_value': 0.3603476881980896}
2025-04-04 17:55:02,841 - INFO - Exploitation: w selected move a4a5
2025-04-04 17:55:02,842 - INFO - White executed move: a4a5
2025-04-04 17:55:03,166 - INFO - Q-values analysis: {'max_q_value': 5.68910551071167, 'min_q_value': -0.9995394349098206, 'mean_q_value': 4.845816135406494, 'median_q_value': 5.313577651977539, 'std_q_value': 1.484442114830017}
2025-04-04 17:55:03,166 - INFO - Exploitation: b selected move h3g4
2025-04-04 17:55:03,167 - INFO - Black executed move: h3g4
2025-04-04 17:55:03,495 - INFO - Q-values analysis: {'max_q_value': 5.710338115692139, 'min_q_value': 4.4852190017700195, 'mean_q_value': 5.278345108032227, 'median_q_value': 5.3633713722229, 'std_q_value': 0.34268105030059814}
2025-04-04 17:55:03,495 - INFO - Exploitation: w selected move b4a6
2025-04-04 17:55:03,495 - INFO - White executed move: b4a6
2025-04-04 17:55:03,819 - INFO - Q-values analysis: {'max_q_value': 5.738690376281738, 'min_q_value': -0.9758584499359131, 'mean_q_value': 4.845312595367432, 'median_q_value': 5.347243785858154, 'std_q_value': 1.4501385688781738}
2025-04-04 17:55:03,819 - INFO - Exploitation: b selected move h8h6
2025-04-04 17:55:03,819 - INFO - Black executed move: h8h6
2025-04-04 17:55:04,135 - INFO - Q-values analysis: {'max_q_value': 5.863945960998535, 'min_q_value': 0.32996445894241333, 'mean_q_value': 5.275266170501709, 'median_q_value': 5.525740623474121, 'std_q_value': 0.9038585424423218}
2025-04-04 17:55:04,135 - INFO - Exploitation: w selected move a6c7
2025-04-04 17:55:04,136 - INFO - White executed move: a6c7
2025-04-04 17:55:04,459 - INFO - Q-values analysis: {'max_q_value': 5.899202823638916, 'min_q_value': 5.43473482131958, 'mean_q_value': 5.694756031036377, 'median_q_value': 5.750330448150635, 'std_q_value': 0.19364748895168304}
2025-04-04 17:55:04,459 - INFO - Exploitation: b selected move e8d7
2025-04-04 17:55:04,460 - INFO - Black executed move: e8d7
2025-04-04 17:55:04,781 - INFO - Q-values analysis: {'max_q_value': 5.75819730758667, 'min_q_value': -0.9119205474853516, 'mean_q_value': 4.894203186035156, 'median_q_value': 5.3945465087890625, 'std_q_value': 1.471242904663086}
2025-04-04 17:55:04,781 - INFO - Exploitation: w selected move c4c5
2025-04-04 17:55:04,782 - INFO - Random exploration: w selected move c4c5
2025-04-04 17:55:04,782 - INFO - White executed move: c4c5
2025-04-04 17:55:05,027 - INFO - Black executed move: f7f6
2025-04-04 17:55:05,344 - INFO - Q-values analysis: {'max_q_value': 5.1364874839782715, 'min_q_value': -1.9647942781448364, 'mean_q_value': 3.952197313308716, 'median_q_value': 4.667040824890137, 'std_q_value': 1.8197802305221558}
2025-04-04 17:55:05,344 - INFO - Exploitation: w selected move a1a4
2025-04-04 17:55:05,345 - INFO - White executed move: a1a4
2025-04-04 17:55:05,582 - INFO - Black executed move: a8b8
2025-04-04 17:55:05,903 - INFO - Q-values analysis: {'max_q_value': 5.612149238586426, 'min_q_value': -2.134063720703125, 'mean_q_value': 4.041436195373535, 'median_q_value': 5.007621765136719, 'std_q_value': 2.1082072257995605}
2025-04-04 17:55:05,904 - INFO - Exploitation: w selected move b3a2
2025-04-04 17:55:05,904 - INFO - White executed move: b3a2
2025-04-04 17:55:06,225 - INFO - Q-values analysis: {'max_q_value': 5.643301486968994, 'min_q_value': 4.3354902267456055, 'mean_q_value': 5.137951850891113, 'median_q_value': 5.220629692077637, 'std_q_value': 0.28453731536865234}
2025-04-04 17:55:06,225 - INFO - Exploitation: b selected move e7e5
2025-04-04 17:55:06,225 - INFO - Black executed move: e7e5
2025-04-04 17:55:06,549 - INFO - Q-values analysis: {'max_q_value': 5.724681854248047, 'min_q_value': -0.7805533409118652, 'mean_q_value': 4.906324863433838, 'median_q_value': 5.278039455413818, 'std_q_value': 1.2588272094726562}
2025-04-04 17:55:06,550 - INFO - Exploitation: w selected move d2d3
2025-04-04 17:55:06,550 - INFO - White executed move: d2d3
2025-04-04 17:55:06,878 - INFO - Q-values analysis: {'max_q_value': 6.110534191131592, 'min_q_value': 4.756312847137451, 'mean_q_value': 5.568758010864258, 'median_q_value': 5.671046733856201, 'std_q_value': 0.3258883059024811}
2025-04-04 17:55:06,879 - INFO - Exploitation: b selected move f6f5
2025-04-04 17:55:06,879 - INFO - Black executed move: f6f5
2025-04-04 17:55:07,204 - INFO - Q-values analysis: {'max_q_value': 6.829257011413574, 'min_q_value': -0.9349269270896912, 'mean_q_value': 5.745178699493408, 'median_q_value': 6.3338751792907715, 'std_q_value': 1.7154959440231323}
2025-04-04 17:55:07,204 - INFO - Exploitation: w selected move d3d4
2025-04-04 17:55:07,204 - INFO - White executed move: d3d4
2025-04-04 17:55:07,536 - INFO - Q-values analysis: {'max_q_value': 6.872102737426758, 'min_q_value': 5.27688455581665, 'mean_q_value': 6.2664971351623535, 'median_q_value': 6.373981475830078, 'std_q_value': 0.38764163851737976}
2025-04-04 17:55:07,537 - INFO - Exploitation: b selected move a7a6
2025-04-04 17:55:07,537 - INFO - Random exploration: b selected move a7a6
2025-04-04 17:55:07,537 - INFO - Black executed move: a7a6
2025-04-04 17:55:07,868 - INFO - Q-values analysis: {'max_q_value': 6.957596778869629, 'min_q_value': 0.29479658603668213, 'mean_q_value': 6.215213298797607, 'median_q_value': 6.462824821472168, 'std_q_value': 1.0741037130355835}
2025-04-04 17:55:07,869 - INFO - Exploitation: w selected move a4c4
2025-04-04 17:55:07,869 - INFO - White executed move: a4c4
2025-04-04 17:55:08,205 - INFO - Q-values analysis: {'max_q_value': 6.940021991729736, 'min_q_value': 5.436755657196045, 'mean_q_value': 6.390192031860352, 'median_q_value': 6.485453128814697, 'std_q_value': 0.355623722076416}
2025-04-04 17:55:08,207 - INFO - Exploitation: b selected move d8c7
2025-04-04 17:55:08,207 - INFO - Black executed move: d8c7
2025-04-04 17:55:08,535 - INFO - Q-values analysis: {'max_q_value': 6.949977874755859, 'min_q_value': 5.895336627960205, 'mean_q_value': 6.435910224914551, 'median_q_value': 6.443031311035156, 'std_q_value': 0.2831941246986389}
2025-04-04 17:55:08,535 - INFO - Exploitation: w selected move a2a3
2025-04-04 17:55:08,537 - INFO - White executed move: a2a3
2025-04-04 17:55:08,894 - INFO - Q-values analysis: {'max_q_value': 7.133786678314209, 'min_q_value': -0.9908673763275146, 'mean_q_value': 6.242608070373535, 'median_q_value': 6.688600063323975, 'std_q_value': 1.613433837890625}
2025-04-04 17:55:08,894 - INFO - Exploitation: b selected move b8a8
2025-04-04 17:55:08,895 - INFO - Black executed move: b8a8
2025-04-04 17:55:09,234 - INFO - Q-values analysis: {'max_q_value': 6.902731895446777, 'min_q_value': 5.500093460083008, 'mean_q_value': 6.437584400177002, 'median_q_value': 6.522777080535889, 'std_q_value': 0.3540271520614624}
2025-04-04 17:55:09,234 - INFO - Exploitation: w selected move a3a4
2025-04-04 17:55:09,234 - INFO - White executed move: a3a4
2025-04-04 17:55:09,567 - INFO - Q-values analysis: {'max_q_value': 6.533893585205078, 'min_q_value': -0.9335262179374695, 'mean_q_value': 5.499966144561768, 'median_q_value': 6.013763427734375, 'std_q_value': 1.6357698440551758}
2025-04-04 17:55:09,567 - INFO - Exploitation: b selected move c7d8
2025-04-04 17:55:09,568 - INFO - Black executed move: c7d8
2025-04-04 17:55:09,810 - INFO - White executed move: e2e3
2025-04-04 17:55:10,136 - INFO - Q-values analysis: {'max_q_value': 7.024940490722656, 'min_q_value': -0.9926360845565796, 'mean_q_value': 5.897632122039795, 'median_q_value': 6.447062015533447, 'std_q_value': 1.7618470191955566}
2025-04-04 17:55:10,137 - INFO - Exploitation: b selected move a8a7
2025-04-04 17:55:10,138 - INFO - Black executed move: a8a7
2025-04-04 17:55:10,482 - INFO - Q-values analysis: {'max_q_value': 6.904401779174805, 'min_q_value': 5.445602893829346, 'mean_q_value': 6.305135726928711, 'median_q_value': 6.3343353271484375, 'std_q_value': 0.34178003668785095}
2025-04-04 17:55:10,482 - INFO - Exploitation: w selected move g1f3
2025-04-04 17:55:10,483 - INFO - White executed move: g1f3
2025-04-04 17:55:10,809 - INFO - Q-values analysis: {'max_q_value': 6.517196178436279, 'min_q_value': 0.13358262181282043, 'mean_q_value': 5.80246114730835, 'median_q_value': 6.005882740020752, 'std_q_value': 1.0277777910232544}
2025-04-04 17:55:10,809 - INFO - Exploitation: b selected move d7c7
2025-04-04 17:55:10,811 - INFO - Black executed move: d7c7
2025-04-04 17:55:11,151 - INFO - Q-values analysis: {'max_q_value': 5.653740406036377, 'min_q_value': 4.312117099761963, 'mean_q_value': 5.198455810546875, 'median_q_value': 5.2351975440979, 'std_q_value': 0.330799400806427}
2025-04-04 17:55:11,152 - INFO - Exploitation: w selected move f3d2
2025-04-04 17:55:11,152 - INFO - White executed move: f3d2
2025-04-04 17:55:11,411 - INFO - Random exploration: b selected move d8d7
2025-04-04 17:55:11,411 - INFO - Black executed move: d8d7
2025-04-04 17:55:11,747 - INFO - Q-values analysis: {'max_q_value': 5.52938175201416, 'min_q_value': 4.4188995361328125, 'mean_q_value': 5.077481269836426, 'median_q_value': 5.087783336639404, 'std_q_value': 0.2934319078922272}
2025-04-04 17:55:11,747 - INFO - Exploitation: w selected move a4b4
2025-04-04 17:55:11,748 - INFO - White executed move: a4b4
2025-04-04 17:55:12,085 - INFO - Q-values analysis: {'max_q_value': 5.905073165893555, 'min_q_value': 4.564614295959473, 'mean_q_value': 5.269329071044922, 'median_q_value': 5.310433864593506, 'std_q_value': 0.32192131876945496}
2025-04-04 17:55:12,085 - INFO - Exploitation: b selected move d6d5
2025-04-04 17:55:12,086 - INFO - Black executed move: d6d5
2025-04-04 17:55:12,415 - INFO - Q-values analysis: {'max_q_value': 6.658892631530762, 'min_q_value': 5.707363128662109, 'mean_q_value': 6.173458099365234, 'median_q_value': 6.153570652008057, 'std_q_value': 0.25730273127555847}
2025-04-04 17:55:12,415 - INFO - Exploitation: w selected move d2b1
2025-04-04 17:55:12,416 - INFO - White executed move: d2b1
2025-04-04 17:55:12,759 - INFO - Q-values analysis: {'max_q_value': 6.757841110229492, 'min_q_value': 5.237525463104248, 'mean_q_value': 6.052594184875488, 'median_q_value': 6.082108974456787, 'std_q_value': 0.34408196806907654}
2025-04-04 17:55:12,759 - INFO - Exploitation: b selected move b7b6
2025-04-04 17:55:12,760 - INFO - Black executed move: b7b6
2025-04-04 17:55:13,093 - INFO - Q-values analysis: {'max_q_value': 6.534299373626709, 'min_q_value': 5.487342834472656, 'mean_q_value': 6.0090131759643555, 'median_q_value': 6.0224409103393555, 'std_q_value': 0.25200435519218445}
2025-04-04 17:55:13,094 - INFO - Exploitation: w selected move f2f3
2025-04-04 17:55:13,094 - INFO - White executed move: f2f3
2025-04-04 17:55:13,429 - INFO - Q-values analysis: {'max_q_value': 6.184655666351318, 'min_q_value': 4.650993347167969, 'mean_q_value': 5.581190586090088, 'median_q_value': 5.610112190246582, 'std_q_value': 0.3412344753742218}
2025-04-04 17:55:13,429 - INFO - Exploitation: b selected move e5d4
2025-04-04 17:55:13,430 - INFO - Black executed move: e5d4
2025-04-04 17:55:13,760 - INFO - Q-values analysis: {'max_q_value': 4.4166035652160645, 'min_q_value': 3.5662999153137207, 'mean_q_value': 4.027290344238281, 'median_q_value': 4.005213260650635, 'std_q_value': 0.2070285975933075}
2025-04-04 17:55:13,760 - INFO - Exploitation: w selected move f1d3
2025-04-04 17:55:13,760 - INFO - Random exploration: w selected move f1d3
2025-04-04 17:55:13,761 - INFO - White executed move: f1d3
2025-04-04 17:55:14,090 - INFO - Q-values analysis: {'max_q_value': 4.635632038116455, 'min_q_value': 0.3016528785228729, 'mean_q_value': 4.104562759399414, 'median_q_value': 4.2191314697265625, 'std_q_value': 0.6890121102333069}
2025-04-04 17:55:14,091 - INFO - Exploitation: b selected move c7c8
2025-04-04 17:55:14,091 - INFO - Black executed move: c7c8
2025-04-04 17:55:14,473 - INFO - Q-values analysis: {'max_q_value': 5.350117206573486, 'min_q_value': 0.2749013602733612, 'mean_q_value': 4.7796406745910645, 'median_q_value': 4.970180511474609, 'std_q_value': 0.8102012872695923}
2025-04-04 17:55:14,473 - INFO - Exploitation: w selected move d3e2
2025-04-04 17:55:14,473 - INFO - White executed move: d3e2
2025-04-04 17:55:14,833 - INFO - Q-values analysis: {'max_q_value': 5.565103530883789, 'min_q_value': -1.8959333896636963, 'mean_q_value': 4.574729919433594, 'median_q_value': 5.139731407165527, 'std_q_value': 1.689777135848999}
2025-04-04 17:55:14,834 - INFO - Exploitation: b selected move d7c7
2025-04-04 17:55:14,834 - INFO - Black executed move: d7c7
2025-04-04 17:55:15,175 - INFO - Q-values analysis: {'max_q_value': 5.391419887542725, 'min_q_value': 4.2906107902526855, 'mean_q_value': 4.941504001617432, 'median_q_value': 4.988186836242676, 'std_q_value': 0.23943044245243073}
2025-04-04 17:55:15,175 - INFO - Exploitation: w selected move b2b3
2025-04-04 17:55:15,175 - INFO - White executed move: b2b3
2025-04-04 17:55:15,504 - INFO - Q-values analysis: {'max_q_value': 6.165838718414307, 'min_q_value': -0.7756240963935852, 'mean_q_value': 5.23037576675415, 'median_q_value': 5.70208740234375, 'std_q_value': 1.5455716848373413}
2025-04-04 17:55:15,504 - INFO - Exploitation: b selected move f4h2
2025-04-04 17:55:15,505 - INFO - Black executed move: f4h2
2025-04-04 17:55:15,839 - INFO - Q-values analysis: {'max_q_value': 5.924377918243408, 'min_q_value': 5.023068428039551, 'mean_q_value': 5.538878440856934, 'median_q_value': 5.596484661102295, 'std_q_value': 0.24451236426830292}
2025-04-04 17:55:15,839 - INFO - Exploitation: w selected move c1b2
2025-04-04 17:55:15,839 - INFO - White executed move: c1b2
2025-04-04 17:55:16,127 - INFO - Black executed move: d4e3
2025-04-04 17:55:16,464 - INFO - Q-values analysis: {'max_q_value': 5.317297458648682, 'min_q_value': -0.6428514719009399, 'mean_q_value': 4.429265975952148, 'median_q_value': 4.663454532623291, 'std_q_value': 1.1524749994277954}
2025-04-04 17:55:16,464 - INFO - Exploitation: w selected move b1a3
2025-04-04 17:55:16,465 - INFO - White executed move: b1a3
2025-04-04 17:55:16,805 - INFO - Q-values analysis: {'max_q_value': 5.39364767074585, 'min_q_value': -0.7191428542137146, 'mean_q_value': 4.44818115234375, 'median_q_value': 4.7878618240356445, 'std_q_value': 1.3127104043960571}
2025-04-04 17:55:16,805 - INFO - Exploitation: b selected move h2g3
2025-04-04 17:55:16,806 - INFO - Black executed move: h2g3
2025-04-04 17:55:17,142 - INFO - Q-values analysis: {'max_q_value': 4.548453330993652, 'min_q_value': 4.3279619216918945, 'mean_q_value': 4.438207626342773, 'median_q_value': 4.438207626342773, 'std_q_value': 0.1102457046508789}
2025-04-04 17:55:17,142 - INFO - Exploitation: w selected move e1f1
2025-04-04 17:55:17,142 - INFO - White executed move: e1f1
2025-04-04 17:55:17,481 - INFO - Q-values analysis: {'max_q_value': 5.0516204833984375, 'min_q_value': -1.8407597541809082, 'mean_q_value': 3.8611063957214355, 'median_q_value': 4.4763336181640625, 'std_q_value': 1.7244547605514526}
2025-04-04 17:55:17,482 - INFO - Exploitation: b selected move c7b7
2025-04-04 17:55:17,482 - INFO - Random exploration: b selected move c7b7
2025-04-04 17:55:17,482 - INFO - Black executed move: c7b7
2025-04-04 17:55:17,829 - INFO - Q-values analysis: {'max_q_value': 5.010431289672852, 'min_q_value': -0.7396026253700256, 'mean_q_value': 4.1043524742126465, 'median_q_value': 4.455148696899414, 'std_q_value': 1.2410213947296143}
2025-04-04 17:55:17,829 - INFO - Exploitation: w selected move a3b5
2025-04-04 17:55:17,830 - INFO - White executed move: a3b5
2025-04-04 17:55:18,154 - INFO - Q-values analysis: {'max_q_value': 4.946177005767822, 'min_q_value': -0.708990216255188, 'mean_q_value': 4.0268049240112305, 'median_q_value': 4.378813743591309, 'std_q_value': 1.189602017402649}
2025-04-04 17:55:18,156 - INFO - Exploitation: b selected move a7a8
2025-04-04 17:55:18,156 - INFO - Black executed move: a7a8
2025-04-04 17:55:18,481 - INFO - Q-values analysis: {'max_q_value': 5.104006290435791, 'min_q_value': -1.9106085300445557, 'mean_q_value': 4.050648212432861, 'median_q_value': 4.555620193481445, 'std_q_value': 1.5449665784835815}
2025-04-04 17:55:18,481 - INFO - Exploitation: w selected move b4a4
2025-04-04 17:55:18,483 - INFO - White executed move: b4a4
2025-04-04 17:55:18,832 - INFO - Q-values analysis: {'max_q_value': 4.899044990539551, 'min_q_value': -1.852394461631775, 'mean_q_value': 3.8426923751831055, 'median_q_value': 4.297553062438965, 'std_q_value': 1.4685792922973633}
2025-04-04 17:55:18,832 - INFO - Exploitation: b selected move b7c7
2025-04-04 17:55:18,833 - INFO - Black executed move: b7c7
2025-04-04 17:55:19,201 - INFO - Q-values analysis: {'max_q_value': 4.697419166564941, 'min_q_value': -1.7386143207550049, 'mean_q_value': 3.5762600898742676, 'median_q_value': 4.145541191101074, 'std_q_value': 1.6093865633010864}
2025-04-04 17:55:19,201 - INFO - Exploitation: w selected move c4c1
2025-04-04 17:55:19,202 - INFO - White executed move: c4c1
2025-04-04 17:55:19,544 - INFO - Q-values analysis: {'max_q_value': 4.443182468414307, 'min_q_value': -1.7413969039916992, 'mean_q_value': 3.463381052017212, 'median_q_value': 4.020925045013428, 'std_q_value': 1.5545576810836792}
2025-04-04 17:55:19,545 - INFO - Exploitation: b selected move c7e7
2025-04-04 17:55:19,545 - INFO - Black executed move: c7e7
2025-04-04 17:55:19,883 - INFO - Q-values analysis: {'max_q_value': 4.6338677406311035, 'min_q_value': -1.7452870607376099, 'mean_q_value': 3.455671787261963, 'median_q_value': 4.1353912353515625, 'std_q_value': 1.685562014579773}
2025-04-04 17:55:19,883 - INFO - Exploitation: w selected move b5c7
2025-04-04 17:55:19,884 - INFO - White executed move: b5c7
2025-04-04 17:55:20,289 - INFO - Q-values analysis: {'max_q_value': 4.481192111968994, 'min_q_value': -1.6546720266342163, 'mean_q_value': 3.349573850631714, 'median_q_value': 4.03681755065918, 'std_q_value': 1.6188781261444092}
2025-04-04 17:55:20,289 - INFO - Exploitation: b selected move g8f6
2025-04-04 17:55:20,289 - INFO - Black executed move: g8f6
2025-04-04 17:55:20,620 - INFO - Q-values analysis: {'max_q_value': 4.464282512664795, 'min_q_value': -1.6071916818618774, 'mean_q_value': 3.1338443756103516, 'median_q_value': 3.940870761871338, 'std_q_value': 1.7329055070877075}
2025-04-04 17:55:20,620 - INFO - Exploitation: w selected move c7e8
2025-04-04 17:55:20,620 - INFO - White executed move: c7e8
2025-04-04 17:55:20,963 - INFO - Q-values analysis: {'max_q_value': 4.424022674560547, 'min_q_value': -1.6130704879760742, 'mean_q_value': 2.9830634593963623, 'median_q_value': 3.846298933029175, 'std_q_value': 1.7547547817230225}
2025-04-04 17:55:20,963 - INFO - Exploitation: b selected move c8d8
2025-04-04 17:55:20,964 - INFO - Random exploration: b selected move c8d8
2025-04-04 17:55:20,964 - INFO - Black executed move: c8d8
2025-04-04 17:55:21,299 - INFO - Q-values analysis: {'max_q_value': 4.4322919845581055, 'min_q_value': -1.572089672088623, 'mean_q_value': 3.275439739227295, 'median_q_value': 3.903049945831299, 'std_q_value': 1.5427517890930176}
2025-04-04 17:55:21,299 - INFO - Exploitation: w selected move e8g7
2025-04-04 17:55:21,300 - INFO - White executed move: e8g7
2025-04-04 17:55:21,631 - INFO - Q-values analysis: {'max_q_value': 4.379574775695801, 'min_q_value': -1.5590105056762695, 'mean_q_value': 3.0413503646850586, 'median_q_value': 3.874441146850586, 'std_q_value': 1.706432580947876}
2025-04-04 17:55:21,632 - INFO - Exploitation: b selected move d8c8
2025-04-04 17:55:21,632 - INFO - Black executed move: d8c8
2025-04-04 17:55:21,966 - INFO - Q-values analysis: {'max_q_value': 4.271945953369141, 'min_q_value': -1.547745943069458, 'mean_q_value': 3.1968626976013184, 'median_q_value': 3.8320560455322266, 'std_q_value': 1.5074492692947388}
2025-04-04 17:55:21,968 - INFO - Exploitation: w selected move g7e8
2025-04-04 17:55:21,969 - INFO - White executed move: g7e8
2025-04-04 17:55:22,295 - INFO - Q-values analysis: {'max_q_value': 4.260287761688232, 'min_q_value': -1.5874664783477783, 'mean_q_value': 2.915477752685547, 'median_q_value': 3.749677896499634, 'std_q_value': 1.7003941535949707}
2025-04-04 17:55:22,295 - INFO - Exploitation: b selected move c8d8
2025-04-04 17:55:22,296 - INFO - Black executed move: c8d8
2025-04-04 17:55:22,624 - INFO - Q-values analysis: {'max_q_value': 4.292184829711914, 'min_q_value': -1.560478687286377, 'mean_q_value': 3.2277791500091553, 'median_q_value': 3.8369851112365723, 'std_q_value': 1.5061982870101929}
2025-04-04 17:55:22,624 - INFO - Exploitation: w selected move e8g7
2025-04-04 17:55:22,624 - INFO - White executed move: e8g7
2025-04-04 17:55:22,962 - INFO - Q-values analysis: {'max_q_value': 4.240089416503906, 'min_q_value': -1.5338032245635986, 'mean_q_value': 2.993309259414673, 'median_q_value': 3.79803204536438, 'std_q_value': 1.6669731140136719}
2025-04-04 17:55:22,963 - INFO - Exploitation: b selected move d8c8
2025-04-04 17:55:22,963 - INFO - Black executed move: d8c8
2025-04-04 17:55:23,311 - INFO - Q-values analysis: {'max_q_value': 4.101346015930176, 'min_q_value': -1.514780879020691, 'mean_q_value': 3.1178205013275146, 'median_q_value': 3.730912685394287, 'std_q_value': 1.46054208278656}
2025-04-04 17:55:23,311 - INFO - Exploitation: w selected move g7e8
2025-04-04 17:55:23,312 - INFO - White executed move: g7e8
2025-04-04 17:55:23,640 - INFO - Q-values analysis: {'max_q_value': 4.011669158935547, 'min_q_value': -1.532187819480896, 'mean_q_value': 2.7927560806274414, 'median_q_value': 3.6207218170166016, 'std_q_value': 1.6209087371826172}
2025-04-04 17:55:23,642 - INFO - Exploitation: b selected move c8d8
2025-04-04 17:55:23,642 - INFO - Black executed move: c8d8
2025-04-04 17:55:24,027 - INFO - Q-values analysis: {'max_q_value': 4.002301216125488, 'min_q_value': -1.4823583364486694, 'mean_q_value': 3.0439343452453613, 'median_q_value': 3.644946575164795, 'std_q_value': 1.4120992422103882}
2025-04-04 17:55:24,027 - INFO - Exploitation: w selected move e8f6
2025-04-04 17:55:24,028 - INFO - White executed move: e8f6
2025-04-04 17:55:24,399 - INFO - Q-values analysis: {'max_q_value': 3.4564549922943115, 'min_q_value': -1.343695044517517, 'mean_q_value': 2.679272174835205, 'median_q_value': 3.1457080841064453, 'std_q_value': 1.204463243484497}
2025-04-04 17:55:24,400 - INFO - Exploitation: b selected move e7h7
2025-04-04 17:55:24,400 - INFO - Black executed move: e7h7
2025-04-04 17:55:24,753 - INFO - Q-values analysis: {'max_q_value': 3.0947928428649902, 'min_q_value': -1.2137154340744019, 'mean_q_value': 2.1260251998901367, 'median_q_value': 2.7013816833496094, 'std_q_value': 1.2026423215866089}
2025-04-04 17:55:24,753 - INFO - Exploitation: w selected move f6e4
2025-04-04 17:55:24,754 - INFO - White executed move: f6e4
2025-04-04 17:55:25,111 - INFO - Q-values analysis: {'max_q_value': 3.152759075164795, 'min_q_value': -1.2262251377105713, 'mean_q_value': 2.5489490032196045, 'median_q_value': 2.7980175018310547, 'std_q_value': 0.9108867049217224}
2025-04-04 17:55:25,112 - INFO - Exploitation: b selected move g4f3
2025-04-04 17:55:25,112 - INFO - Black executed move: g4f3
2025-04-04 17:55:25,458 - INFO - Q-values analysis: {'max_q_value': 3.0164694786071777, 'min_q_value': -1.1758553981781006, 'mean_q_value': 2.27349591255188, 'median_q_value': 2.6856775283813477, 'std_q_value': 1.0577586889266968}
2025-04-04 17:55:25,458 - INFO - Exploitation: w selected move b2e5
2025-04-04 17:55:25,459 - INFO - White executed move: b2e5
2025-04-04 17:55:25,787 - INFO - Q-values analysis: {'max_q_value': 2.923642635345459, 'min_q_value': -1.163414716720581, 'mean_q_value': 2.3984367847442627, 'median_q_value': 2.6753644943237305, 'std_q_value': 0.8643857836723328}
2025-04-04 17:55:25,787 - INFO - Exploitation: b selected move h7h8
2025-04-04 17:55:25,787 - INFO - Random exploration: b selected move h7h8
2025-04-04 17:55:25,788 - INFO - Black executed move: h7h8
2025-04-04 17:55:26,051 - INFO - White executed move: c1c4
2025-04-04 17:55:26,376 - INFO - Q-values analysis: {'max_q_value': 2.7230727672576904, 'min_q_value': -0.8818911910057068, 'mean_q_value': 2.1434566974639893, 'median_q_value': 2.3543686866760254, 'std_q_value': 0.749001681804657}
2025-04-04 17:55:26,377 - INFO - Exploitation: b selected move a8a7
2025-04-04 17:55:26,377 - INFO - Black executed move: a8a7
2025-04-04 17:55:26,705 - INFO - Q-values analysis: {'max_q_value': 2.4363389015197754, 'min_q_value': -0.8553184866905212, 'mean_q_value': 1.810655951499939, 'median_q_value': 2.052978515625, 'std_q_value': 0.7475206255912781}
2025-04-04 17:55:26,705 - INFO - Exploitation: w selected move e4d6
2025-04-04 17:55:26,705 - INFO - White executed move: e4d6
2025-04-04 17:55:26,978 - INFO - Black executed move: g3f4
2025-04-04 17:55:27,264 - INFO - White executed move: a4a2
2025-04-04 17:55:27,617 - INFO - Q-values analysis: {'max_q_value': 2.483701229095459, 'min_q_value': -0.12957099080085754, 'mean_q_value': 1.9137160778045654, 'median_q_value': 2.0271730422973633, 'std_q_value': 0.5091910362243652}
2025-04-04 17:55:27,617 - INFO - Exploitation: b selected move a7f7
2025-04-04 17:55:27,618 - INFO - Black executed move: a7f7
2025-04-04 17:55:27,887 - INFO - White executed move: e5f4
2025-04-04 17:55:28,224 - INFO - Q-values analysis: {'max_q_value': 2.3374123573303223, 'min_q_value': -0.8032856583595276, 'mean_q_value': 1.6355539560317993, 'median_q_value': 1.7951302528381348, 'std_q_value': 0.6742458343505859}
2025-04-04 17:55:28,225 - INFO - Exploitation: b selected move h6h5
2025-04-04 17:55:28,225 - INFO - Black executed move: h6h5
2025-04-04 17:55:28,571 - INFO - Q-values analysis: {'max_q_value': 2.4020721912384033, 'min_q_value': -0.1215810626745224, 'mean_q_value': 1.7406656742095947, 'median_q_value': 1.7838430404663086, 'std_q_value': 0.4863550066947937}
2025-04-04 17:55:28,572 - INFO - Exploitation: w selected move a2d2
2025-04-04 17:55:28,572 - INFO - Random exploration: w selected move a2d2
2025-04-04 17:55:28,573 - INFO - White executed move: a2d2
2025-04-04 17:55:28,992 - INFO - Q-values analysis: {'max_q_value': 2.259239673614502, 'min_q_value': -0.8247147798538208, 'mean_q_value': 1.563888669013977, 'median_q_value': 1.7420912981033325, 'std_q_value': 0.6408464908599854}
2025-04-04 17:55:28,992 - INFO - Exploitation: b selected move h8e5
2025-04-04 17:55:28,992 - INFO - Black executed move: h8e5
2025-04-04 17:55:29,248 - INFO - White executed move: d2c1
2025-04-04 17:55:29,503 - INFO - Black executed move: f3e4
2025-04-04 17:55:29,829 - INFO - Q-values analysis: {'max_q_value': 2.8874170780181885, 'min_q_value': -1.0568357706069946, 'mean_q_value': 2.136042833328247, 'median_q_value': 2.3408126831054688, 'std_q_value': 0.8565703630447388}
2025-04-04 17:55:29,829 - INFO - Exploitation: w selected move f4g5
2025-04-04 17:55:29,831 - INFO - White executed move: f4g5
2025-04-04 17:55:30,154 - INFO - Q-values analysis: {'max_q_value': 3.1605303287506104, 'min_q_value': 2.6842265129089355, 'mean_q_value': 2.9090988636016846, 'median_q_value': 2.9007833003997803, 'std_q_value': 0.16695114970207214}
2025-04-04 17:55:30,154 - INFO - Exploitation: b selected move h5g5
2025-04-04 17:55:30,154 - INFO - Black executed move: h5g5
2025-04-04 17:55:30,495 - INFO - Q-values analysis: {'max_q_value': 2.6924169063568115, 'min_q_value': -0.19788485765457153, 'mean_q_value': 2.1603317260742188, 'median_q_value': 2.3091888427734375, 'std_q_value': 0.5649121403694153}
2025-04-04 17:55:30,497 - INFO - Exploitation: w selected move e2d1
2025-04-04 17:55:30,497 - INFO - White executed move: e2d1
2025-04-04 17:55:30,816 - INFO - Q-values analysis: {'max_q_value': 2.5002269744873047, 'min_q_value': -1.0034211874008179, 'mean_q_value': 1.8734073638916016, 'median_q_value': 2.1434922218322754, 'std_q_value': 0.7894938588142395}
2025-04-04 17:55:30,817 - INFO - Exploitation: b selected move g5g4
2025-04-04 17:55:30,817 - INFO - Black executed move: g5g4
2025-04-04 17:55:31,061 - INFO - White executed move: d1c2
2025-04-04 17:55:31,391 - INFO - Q-values analysis: {'max_q_value': 3.285890817642212, 'min_q_value': -1.2458422183990479, 'mean_q_value': 2.4215636253356934, 'median_q_value': 2.8130486011505127, 'std_q_value': 1.0729751586914062}
2025-04-04 17:55:31,391 - INFO - Exploitation: b selected move f7d7
2025-04-04 17:55:31,392 - INFO - Black executed move: f7d7
2025-04-04 17:55:31,715 - INFO - Q-values analysis: {'max_q_value': 2.895689010620117, 'min_q_value': -0.19997011125087738, 'mean_q_value': 2.362186908721924, 'median_q_value': 2.470093011856079, 'std_q_value': 0.5403359532356262}
2025-04-04 17:55:31,715 - INFO - Exploitation: w selected move c2d3
2025-04-04 17:55:31,716 - INFO - White executed move: c2d3
2025-04-04 17:55:32,053 - INFO - Q-values analysis: {'max_q_value': 3.2003161907196045, 'min_q_value': -1.271958589553833, 'mean_q_value': 2.413262367248535, 'median_q_value': 2.7026829719543457, 'std_q_value': 0.9791461229324341}
2025-04-04 17:55:32,053 - INFO - Exploitation: b selected move e5e7
2025-04-04 17:55:32,053 - INFO - Black executed move: e5e7
2025-04-04 17:55:32,378 - INFO - Q-values analysis: {'max_q_value': 3.8347506523132324, 'min_q_value': -0.2500353455543518, 'mean_q_value': 3.0650601387023926, 'median_q_value': 3.247298002243042, 'std_q_value': 0.7932631373405457}
2025-04-04 17:55:32,379 - INFO - Exploitation: w selected move d3e4
2025-04-04 17:55:32,379 - INFO - White executed move: d3e4
2025-04-04 17:55:32,697 - INFO - Q-values analysis: {'max_q_value': 3.561633348464966, 'min_q_value': 2.8298275470733643, 'mean_q_value': 3.134848117828369, 'median_q_value': 3.0998101234436035, 'std_q_value': 0.19998174905776978}
2025-04-04 17:55:32,697 - INFO - Exploitation: b selected move d7c7
2025-04-04 17:55:32,698 - INFO - Black executed move: d7c7
2025-04-04 17:55:33,020 - INFO - Q-values analysis: {'max_q_value': 4.112798690795898, 'min_q_value': -0.18407173454761505, 'mean_q_value': 3.32368540763855, 'median_q_value': 3.594947099685669, 'std_q_value': 1.0102413892745972}
2025-04-04 17:55:33,020 - INFO - Exploitation: w selected move e4f5
2025-04-04 17:55:33,020 - INFO - White executed move: e4f5
2025-04-04 17:55:33,263 - INFO - Black executed move: e7e6
2025-04-04 17:55:33,584 - INFO - Q-values analysis: {'max_q_value': 4.651085376739502, 'min_q_value': -1.7231966257095337, 'mean_q_value': 3.5042717456817627, 'median_q_value': 3.9311952590942383, 'std_q_value': 1.4102201461791992}
2025-04-04 17:55:33,584 - INFO - Exploitation: w selected move f5g6
2025-04-04 17:55:33,586 - INFO - White executed move: f5g6
2025-04-04 17:55:33,909 - INFO - Q-values analysis: {'max_q_value': 4.933896064758301, 'min_q_value': -0.2201526015996933, 'mean_q_value': 4.043968677520752, 'median_q_value': 4.259769439697266, 'std_q_value': 1.0437854528427124}
2025-04-04 17:55:33,909 - INFO - Exploitation: b selected move c7e7
2025-04-04 17:55:33,910 - INFO - Black executed move: c7e7
2025-04-04 17:55:34,281 - INFO - Q-values analysis: {'max_q_value': 5.566164493560791, 'min_q_value': -2.1134350299835205, 'mean_q_value': 4.089203834533691, 'median_q_value': 4.827805995941162, 'std_q_value': 1.9293714761734009}
2025-04-04 17:55:34,281 - INFO - Exploitation: w selected move g6b1
2025-04-04 17:55:34,282 - INFO - White executed move: g6b1
2025-04-04 17:55:34,611 - INFO - Q-values analysis: {'max_q_value': 6.032291412353516, 'min_q_value': -0.1930074542760849, 'mean_q_value': 5.052102565765381, 'median_q_value': 5.3294358253479, 'std_q_value': 1.264488935470581}
2025-04-04 17:55:34,611 - INFO - Exploitation: b selected move e7b7
2025-04-04 17:55:34,612 - INFO - Black executed move: e7b7
2025-04-04 17:55:34,940 - INFO - Q-values analysis: {'max_q_value': 5.136075973510742, 'min_q_value': -1.8886936902999878, 'mean_q_value': 4.1317338943481445, 'median_q_value': 4.6568684577941895, 'std_q_value': 1.5756089687347412}
2025-04-04 17:55:34,941 - INFO - Exploitation: w selected move c4g4
2025-04-04 17:55:34,941 - INFO - White executed move: c4g4
2025-04-04 17:55:35,271 - INFO - Q-values analysis: {'max_q_value': 3.66694974899292, 'min_q_value': 2.89713454246521, 'mean_q_value': 3.3787999153137207, 'median_q_value': 3.348731517791748, 'std_q_value': 0.16935737431049347}
2025-04-04 17:55:35,272 - INFO - Exploitation: b selected move d8c7
2025-04-04 17:55:35,272 - INFO - Black executed move: d8c7
2025-04-04 17:55:35,605 - INFO - Q-values analysis: {'max_q_value': 2.570268392562866, 'min_q_value': -0.9156346321105957, 'mean_q_value': 1.6498677730560303, 'median_q_value': 2.136443614959717, 'std_q_value': 0.9701218605041504}
2025-04-04 17:55:35,605 - INFO - Exploitation: w selected move c1d2
2025-04-04 17:55:35,606 - INFO - White executed move: c1d2
2025-04-04 17:55:35,938 - INFO - Q-values analysis: {'max_q_value': 2.673668146133423, 'min_q_value': 1.9169244766235352, 'mean_q_value': 2.375789165496826, 'median_q_value': 2.3546142578125, 'std_q_value': 0.174137145280838}
2025-04-04 17:55:35,939 - INFO - Exploitation: b selected move c7d8
2025-04-04 17:55:35,939 - INFO - Black executed move: c7d8
2025-04-04 17:55:36,274 - INFO - Q-values analysis: {'max_q_value': 4.05303430557251, 'min_q_value': -1.4301021099090576, 'mean_q_value': 2.2670960426330566, 'median_q_value': 3.392543315887451, 'std_q_value': 1.745465874671936}
2025-04-04 17:55:36,275 - INFO - Exploitation: w selected move h1h8
2025-04-04 17:55:36,275 - INFO - White executed move: h1h8
2025-04-04 17:55:36,608 - INFO - Q-values analysis: {'max_q_value': 3.341014862060547, 'min_q_value': 2.964243173599243, 'mean_q_value': 3.1187620162963867, 'median_q_value': 2.99556827545166, 'std_q_value': 0.1678805947303772}
2025-04-04 17:55:36,608 - INFO - Exploitation: b selected move d8c7
2025-04-04 17:55:36,609 - INFO - Black executed move: d8c7
2025-04-04 17:55:36,923 - INFO - Q-values analysis: {'max_q_value': 2.242337942123413, 'min_q_value': -0.7841181755065918, 'mean_q_value': 1.1220951080322266, 'median_q_value': 1.7264282703399658, 'std_q_value': 0.945522665977478}
2025-04-04 17:55:36,923 - INFO - Exploitation: w selected move d2b4
2025-04-04 17:55:36,924 - INFO - White executed move: d2b4
2025-04-04 17:55:37,267 - INFO - Q-values analysis: {'max_q_value': 2.5651628971099854, 'min_q_value': 1.9081611633300781, 'mean_q_value': 2.236635446548462, 'median_q_value': 2.1988978385925293, 'std_q_value': 0.17910513281822205}
2025-04-04 17:55:37,267 - INFO - Exploitation: b selected move c7d7
2025-04-04 17:55:37,268 - INFO - Black executed move: c7d7
2025-04-04 17:55:37,602 - INFO - Q-values analysis: {'max_q_value': 3.2950923442840576, 'min_q_value': -1.1364394426345825, 'mean_q_value': 1.859485149383545, 'median_q_value': 2.6441588401794434, 'std_q_value': 1.3645305633544922}
2025-04-04 17:55:37,602 - INFO - Exploitation: w selected move h8g8
2025-04-04 17:55:37,603 - INFO - White executed move: h8g8
2025-04-04 17:55:37,937 - INFO - Q-values analysis: {'max_q_value': 2.8483662605285645, 'min_q_value': 2.0677475929260254, 'mean_q_value': 2.367157220840454, 'median_q_value': 2.34446382522583, 'std_q_value': 0.17512337863445282}
2025-04-04 17:55:37,938 - INFO - Exploitation: b selected move d7e7
2025-04-04 17:55:37,938 - INFO - Black executed move: d7e7
2025-04-04 17:55:38,278 - INFO - Q-values analysis: {'max_q_value': 2.1578047275543213, 'min_q_value': -0.7381426095962524, 'mean_q_value': 1.3551369905471802, 'median_q_value': 1.7469022274017334, 'std_q_value': 0.8008171916007996}
2025-04-04 17:55:38,278 - INFO - Exploitation: w selected move b4e4
2025-04-04 17:55:38,280 - INFO - White executed move: b4e4
2025-04-04 17:55:38,689 - INFO - Q-values analysis: {'max_q_value': 1.8171831369400024, 'min_q_value': 1.3816514015197754, 'mean_q_value': 1.5958298444747925, 'median_q_value': 1.5803604125976562, 'std_q_value': 0.11091627180576324}
2025-04-04 17:55:38,689 - INFO - Exploitation: b selected move e7d7
2025-04-04 17:55:38,690 - INFO - Black executed move: e7d7
2025-04-04 17:55:39,032 - INFO - Q-values analysis: {'max_q_value': 2.195558786392212, 'min_q_value': -0.7726588249206543, 'mean_q_value': 1.3715519905090332, 'median_q_value': 1.744856834411621, 'std_q_value': 0.7834353446960449}
2025-04-04 17:55:39,033 - INFO - Exploitation: w selected move e4d4
2025-04-04 17:55:39,033 - INFO - White executed move: e4d4
2025-04-04 17:55:39,289 - INFO - Black executed move: e3e2
2025-04-04 17:55:39,618 - INFO - Q-values analysis: {'max_q_value': 2.510751485824585, 'min_q_value': 2.083920478820801, 'mean_q_value': 2.225033760070801, 'median_q_value': 2.152731418609619, 'std_q_value': 0.17298433184623718}
2025-04-04 17:55:39,620 - INFO - Exploitation: w selected move f1g2
2025-04-04 17:55:39,620 - INFO - White executed move: f1g2
2025-04-04 17:55:39,955 - INFO - Q-values analysis: {'max_q_value': 2.335545063018799, 'min_q_value': 1.7237253189086914, 'mean_q_value': 2.0264058113098145, 'median_q_value': 2.007145643234253, 'std_q_value': 0.13755296170711517}
2025-04-04 17:55:39,955 - INFO - Exploitation: b selected move d7e7
2025-04-04 17:55:39,955 - INFO - Black executed move: d7e7
2025-04-04 17:55:40,292 - INFO - Q-values analysis: {'max_q_value': 1.7869991064071655, 'min_q_value': -0.6065021753311157, 'mean_q_value': 0.9238688945770264, 'median_q_value': 1.349101185798645, 'std_q_value': 0.7049621939659119}
2025-04-04 17:55:40,292 - INFO - Exploitation: w selected move d4c4
2025-04-04 17:55:40,293 - INFO - White executed move: d4c4
2025-04-04 17:55:40,622 - INFO - Q-values analysis: {'max_q_value': 1.5326930284500122, 'min_q_value': 1.0679851770401, 'mean_q_value': 1.2936002016067505, 'median_q_value': 1.2969995737075806, 'std_q_value': 0.09538910537958145}
2025-04-04 17:55:40,623 - INFO - Exploitation: b selected move e7d7
2025-04-04 17:55:40,623 - INFO - Random exploration: b selected move e7d7
2025-04-04 17:55:40,623 - INFO - Black executed move: e7d7
2025-04-04 17:55:40,948 - INFO - Q-values analysis: {'max_q_value': 2.054175853729248, 'min_q_value': -0.7017227411270142, 'mean_q_value': 1.2150800228118896, 'median_q_value': 1.6034553050994873, 'std_q_value': 0.7754780054092407}
2025-04-04 17:55:40,948 - INFO - Exploitation: w selected move c4a4
2025-04-04 17:55:40,948 - INFO - White executed move: c4a4
2025-04-04 17:55:41,275 - INFO - Q-values analysis: {'max_q_value': 2.3776659965515137, 'min_q_value': 1.7294323444366455, 'mean_q_value': 2.1133809089660645, 'median_q_value': 2.125598430633545, 'std_q_value': 0.1558566391468048}
2025-04-04 17:55:41,275 - INFO - Exploitation: b selected move d7e7
2025-04-04 17:55:41,275 - INFO - Random exploration: b selected move d7e7
2025-04-04 17:55:41,275 - INFO - Black executed move: d7e7
2025-04-04 17:55:41,594 - INFO - Q-values analysis: {'max_q_value': 1.903620719909668, 'min_q_value': -0.6816688179969788, 'mean_q_value': 1.1572539806365967, 'median_q_value': 1.525944709777832, 'std_q_value': 0.7108871340751648}
2025-04-04 17:55:41,595 - INFO - Exploitation: w selected move a4d4
2025-04-04 17:55:41,595 - INFO - Random exploration: w selected move a4d4
2025-04-04 17:55:41,595 - INFO - White executed move: a4d4
2025-04-04 17:55:41,917 - INFO - Q-values analysis: {'max_q_value': 1.6587655544281006, 'min_q_value': 1.11019766330719, 'mean_q_value': 1.434247612953186, 'median_q_value': 1.4651890993118286, 'std_q_value': 0.12024866789579391}
2025-04-04 17:55:41,917 - INFO - Exploitation: b selected move e7d7
2025-04-04 17:55:41,918 - INFO - Black executed move: e7d7
2025-04-04 17:55:42,161 - INFO - White executed move: g2h2
2025-04-04 17:55:42,476 - INFO - Q-values analysis: {'max_q_value': 2.4160714149475098, 'min_q_value': 1.7420306205749512, 'mean_q_value': 2.1787025928497314, 'median_q_value': 2.1813011169433594, 'std_q_value': 0.14198307693004608}
2025-04-04 17:55:42,476 - INFO - Exploitation: b selected move d7e7
2025-04-04 17:55:42,476 - INFO - Black executed move: d7e7
2025-04-04 17:55:42,798 - INFO - Q-values analysis: {'max_q_value': 1.9367538690567017, 'min_q_value': -0.6844688653945923, 'mean_q_value': 1.1236556768417358, 'median_q_value': 1.6459022760391235, 'std_q_value': 0.8351017236709595}
2025-04-04 17:55:42,799 - INFO - Exploitation: w selected move d4f4
2025-04-04 17:55:42,799 - INFO - White executed move: d4f4
2025-04-04 17:55:43,125 - INFO - Q-values analysis: {'max_q_value': 1.97715163230896, 'min_q_value': 1.4746387004852295, 'mean_q_value': 1.817804217338562, 'median_q_value': 1.8059039115905762, 'std_q_value': 0.11622864753007889}
2025-04-04 17:55:43,125 - INFO - Exploitation: b selected move e7d7
2025-04-04 17:55:43,125 - INFO - Black executed move: e7d7
2025-04-04 17:55:43,461 - INFO - Q-values analysis: {'max_q_value': 2.5883331298828125, 'min_q_value': -0.8957573175430298, 'mean_q_value': 1.5627422332763672, 'median_q_value': 2.2457385063171387, 'std_q_value': 1.1261464357376099}
2025-04-04 17:55:43,462 - INFO - Exploitation: w selected move d6e8
2025-04-04 17:55:43,462 - INFO - White executed move: d6e8
2025-04-04 17:55:43,783 - INFO - Q-values analysis: {'max_q_value': 2.8331704139709473, 'min_q_value': 2.2160515785217285, 'mean_q_value': 2.5431652069091797, 'median_q_value': 2.537062406539917, 'std_q_value': 0.1553521752357483}
2025-04-04 17:55:43,783 - INFO - Exploitation: b selected move e6h6
2025-04-04 17:55:43,784 - INFO - Black executed move: e6h6
2025-04-04 17:55:44,023 - INFO - White executed move: h2g3
2025-04-04 17:55:44,370 - INFO - Q-values analysis: {'max_q_value': 2.3382809162139893, 'min_q_value': 1.8691802024841309, 'mean_q_value': 2.118666648864746, 'median_q_value': 2.1178042888641357, 'std_q_value': 0.1342076063156128}
2025-04-04 17:55:44,408 - INFO - Exploitation: b selected move d7e7
2025-04-04 17:55:44,409 - INFO - Black executed move: d7e7
2025-04-04 17:55:44,843 - INFO - Q-values analysis: {'max_q_value': 1.8598049879074097, 'min_q_value': -0.6802572011947632, 'mean_q_value': 1.399986743927002, 'median_q_value': 1.6298668384552002, 'std_q_value': 0.6038347482681274}
2025-04-04 17:55:44,843 - INFO - Exploitation: w selected move e8c7
2025-04-04 17:55:44,844 - INFO - White executed move: e8c7
2025-04-04 17:55:45,226 - INFO - Q-values analysis: {'max_q_value': 1.5709669589996338, 'min_q_value': 1.221417784690857, 'mean_q_value': 1.4035271406173706, 'median_q_value': 1.3784798383712769, 'std_q_value': 0.10363483428955078}
2025-04-04 17:55:45,226 - INFO - Exploitation: b selected move h6h7
2025-04-04 17:55:45,227 - INFO - Black executed move: h6h7
2025-04-04 17:55:45,616 - INFO - Q-values analysis: {'max_q_value': 1.7909026145935059, 'min_q_value': -0.6240599155426025, 'mean_q_value': 1.2120405435562134, 'median_q_value': 1.5262935161590576, 'std_q_value': 0.6456177830696106}
2025-04-04 17:55:45,617 - INFO - Exploitation: w selected move c7e8
2025-04-04 17:55:45,618 - INFO - Random exploration: w selected move c7e8
2025-04-04 17:55:45,618 - INFO - White executed move: c7e8
2025-04-04 17:55:45,961 - INFO - Q-values analysis: {'max_q_value': 1.907053828239441, 'min_q_value': 1.4260518550872803, 'mean_q_value': 1.6802077293395996, 'median_q_value': 1.681638240814209, 'std_q_value': 0.12061063200235367}
2025-04-04 17:55:45,961 - INFO - Exploitation: b selected move h7f7
2025-04-04 17:55:45,961 - INFO - Black executed move: h7f7
2025-04-04 17:55:46,302 - INFO - Q-values analysis: {'max_q_value': 2.0687649250030518, 'min_q_value': -0.7024387121200562, 'mean_q_value': 1.367753267288208, 'median_q_value': 1.6206345558166504, 'std_q_value': 0.6534073352813721}
2025-04-04 17:55:46,302 - INFO - Exploitation: w selected move f4c1
2025-04-04 17:55:46,302 - INFO - White executed move: f4c1
2025-04-04 17:55:46,563 - INFO - Black executed move: f7e6
2025-04-04 17:55:46,982 - INFO - Q-values analysis: {'max_q_value': 2.084167003631592, 'min_q_value': -0.7175422310829163, 'mean_q_value': 1.2785115242004395, 'median_q_value': 1.5551669597625732, 'std_q_value': 0.6384636759757996}
2025-04-04 17:55:46,982 - INFO - Exploitation: w selected move c1a3
2025-04-04 17:55:46,983 - INFO - White executed move: c1a3
2025-04-04 17:55:47,337 - INFO - Q-values analysis: {'max_q_value': 2.9783804416656494, 'min_q_value': 2.120889186859131, 'mean_q_value': 2.598616361618042, 'median_q_value': 2.6235039234161377, 'std_q_value': 0.21730394661426544}
2025-04-04 17:55:47,337 - INFO - Exploitation: b selected move e7d8
2025-04-04 17:55:47,338 - INFO - Black executed move: e7d8
2025-04-04 17:55:47,703 - INFO - Q-values analysis: {'max_q_value': 4.912428855895996, 'min_q_value': -1.586363434791565, 'mean_q_value': 3.723672389984131, 'median_q_value': 4.099409103393555, 'std_q_value': 1.281474232673645}
2025-04-04 17:55:47,703 - INFO - Exploitation: w selected move b1h7
2025-04-04 17:55:47,705 - INFO - White executed move: b1h7
2025-04-04 17:55:48,055 - INFO - Q-values analysis: {'max_q_value': 6.063586235046387, 'min_q_value': 4.320761680603027, 'mean_q_value': 5.200085163116455, 'median_q_value': 5.24466609954834, 'std_q_value': 0.36027953028678894}
2025-04-04 17:55:48,055 - INFO - Exploitation: b selected move e2e1b
2025-04-04 17:55:48,055 - INFO - Black executed move: e2e1q
2025-04-04 17:55:48,417 - INFO - Q-values analysis: {'max_q_value': 5.002283573150635, 'min_q_value': 4.128743648529053, 'mean_q_value': 4.4372239112854, 'median_q_value': 4.359646320343018, 'std_q_value': 0.30394744873046875}
2025-04-04 17:55:48,417 - INFO - Exploitation: w selected move g3f4
2025-04-04 17:55:48,418 - INFO - White executed move: g3f4
2025-04-04 17:55:48,751 - INFO - Q-values analysis: {'max_q_value': 6.174400806427002, 'min_q_value': -1.9899431467056274, 'mean_q_value': 4.207114219665527, 'median_q_value': 5.015958309173584, 'std_q_value': 1.9767942428588867}
2025-04-04 17:55:48,751 - INFO - Exploitation: b selected move e6f5
2025-04-04 17:55:48,752 - INFO - Black executed move: e6f5
2025-04-04 17:55:49,106 - INFO - Q-values analysis: {'max_q_value': 7.203402996063232, 'min_q_value': 6.928219318389893, 'mean_q_value': 7.0658111572265625, 'median_q_value': 7.0658111572265625, 'std_q_value': 0.13759183883666992}
2025-04-04 17:55:49,107 - INFO - Exploitation: w selected move f4f5
2025-04-04 17:55:49,107 - INFO - White executed move: f4f5
2025-04-04 17:55:49,503 - INFO - Q-values analysis: {'max_q_value': 6.402076721191406, 'min_q_value': -0.4063985049724579, 'mean_q_value': 5.157531261444092, 'median_q_value': 5.361730575561523, 'std_q_value': 1.0378402471542358}
2025-04-04 17:55:49,503 - INFO - Exploitation: b selected move e1c3
2025-04-04 17:55:49,504 - INFO - Black executed move: e1c3
2025-04-04 17:55:49,805 - INFO - Random exploration: w selected move f5e6
2025-04-04 17:55:49,806 - INFO - White executed move: f5e6
2025-04-04 17:55:50,136 - INFO - Q-values analysis: {'max_q_value': 9.097491264343262, 'min_q_value': 6.406622886657715, 'mean_q_value': 7.895293235778809, 'median_q_value': 7.922339916229248, 'std_q_value': 0.561269998550415}
2025-04-04 17:55:50,136 - INFO - Exploitation: b selected move c3e3
2025-04-04 17:55:50,137 - INFO - Random exploration: b selected move c3e3
2025-04-04 17:55:50,137 - INFO - Black executed move: c3e3
2025-04-04 17:55:50,484 - INFO - Q-values analysis: {'max_q_value': 10.227139472961426, 'min_q_value': 8.068924903869629, 'mean_q_value': 9.540922164916992, 'median_q_value': 10.056469917297363, 'std_q_value': 0.8095258474349976}
2025-04-04 17:55:50,485 - INFO - Exploitation: w selected move e6f5
2025-04-04 17:55:50,485 - INFO - White executed move: e6f5
2025-04-04 17:55:50,951 - INFO - Q-values analysis: {'max_q_value': 12.17664909362793, 'min_q_value': -0.5724348425865173, 'mean_q_value': 10.347824096679688, 'median_q_value': 10.807415008544922, 'std_q_value': 2.0237162113189697}
2025-04-04 17:55:50,952 - INFO - Exploitation: b selected move b7g7
2025-04-04 17:55:50,952 - INFO - Black executed move: b7g7
2025-04-04 17:55:51,429 - INFO - Q-values analysis: {'max_q_value': 20.72118377685547, 'min_q_value': 16.170032501220703, 'mean_q_value': 18.605236053466797, 'median_q_value': 18.67288589477539, 'std_q_value': 1.0958738327026367}
2025-04-04 17:55:51,430 - INFO - Exploitation: w selected move e8f6
2025-04-04 17:55:51,430 - INFO - Random exploration: w selected move e8f6
2025-04-04 17:55:51,430 - INFO - White executed move: e8f6
2025-04-04 17:55:51,695 - INFO - Black executed move: e3e8
2025-04-04 17:55:52,088 - INFO - Q-values analysis: {'max_q_value': 19.655399322509766, 'min_q_value': 16.04844093322754, 'mean_q_value': 18.01004409790039, 'median_q_value': 18.05288314819336, 'std_q_value': 0.9262918829917908}
2025-04-04 17:55:52,089 - INFO - Exploitation: w selected move f6e8
2025-04-04 17:55:52,089 - INFO - White executed move: f6e8
2025-04-04 17:55:52,488 - INFO - Q-values analysis: {'max_q_value': 27.15773582458496, 'min_q_value': 23.422706604003906, 'mean_q_value': 25.51070213317871, 'median_q_value': 25.659669876098633, 'std_q_value': 1.0494732856750488}
2025-04-04 17:55:52,489 - INFO - Exploitation: b selected move g7c7
2025-04-04 17:55:52,489 - INFO - Black executed move: g7c7
2025-04-04 17:55:52,747 - INFO - White executed move: g4g3
2025-04-04 17:55:53,087 - INFO - Q-values analysis: {'max_q_value': 23.521930694580078, 'min_q_value': 20.777448654174805, 'mean_q_value': 22.115440368652344, 'median_q_value': 22.044509887695312, 'std_q_value': 0.7575355768203735}
2025-04-04 17:55:53,088 - INFO - Exploitation: b selected move c7d7
2025-04-04 17:55:53,088 - INFO - Black executed move: c7d7
2025-04-04 17:55:53,444 - INFO - Q-values analysis: {'max_q_value': 23.061920166015625, 'min_q_value': -1.0931566953659058, 'mean_q_value': 19.977001190185547, 'median_q_value': 21.379825592041016, 'std_q_value': 5.062309741973877}
2025-04-04 17:55:53,444 - INFO - Exploitation: w selected move e8f6
2025-04-04 17:55:53,445 - INFO - White executed move: e8f6
2025-04-04 17:56:11,385 - INFO - Starting training...
2025-04-04 17:56:11,386 - INFO - Random exploration: w selected move c2c4
2025-04-04 17:56:11,386 - INFO - White executed move: c2c4
2025-04-04 17:56:11,387 - INFO - Random exploration: b selected move f7f6
2025-04-04 17:56:11,387 - INFO - Black executed move: f7f6
2025-04-04 17:56:11,387 - INFO - Random exploration: w selected move g1f3
2025-04-04 17:56:11,388 - INFO - White executed move: g1f3
2025-04-04 17:56:11,388 - INFO - Random exploration: b selected move e8f7
2025-04-04 17:56:11,388 - INFO - Black executed move: e8f7
2025-04-04 17:56:11,388 - INFO - Random exploration: w selected move d1c2
2025-04-04 17:56:11,389 - INFO - White executed move: d1c2
2025-04-04 17:56:11,389 - INFO - Random exploration: b selected move h7h5
2025-04-04 17:56:11,389 - INFO - Black executed move: h7h5
2025-04-04 17:56:11,390 - INFO - Random exploration: w selected move f3e5
2025-04-04 17:56:11,390 - INFO - White executed move: f3e5
2025-04-04 17:56:11,390 - INFO - Random exploration: b selected move f7e8
2025-04-04 17:56:11,392 - INFO - Black executed move: f7e8
2025-04-04 17:56:11,392 - INFO - Random exploration: w selected move d2d4
2025-04-04 17:56:11,393 - INFO - White executed move: d2d4
2025-04-04 17:56:11,393 - INFO - Random exploration: b selected move g7g5
2025-04-04 17:56:11,394 - INFO - Black executed move: g7g5
2025-04-04 17:56:11,394 - INFO - Random exploration: w selected move c1e3
2025-04-04 17:56:11,394 - INFO - White executed move: c1e3
2025-04-04 17:56:11,395 - INFO - Random exploration: b selected move e7e6
2025-04-04 17:56:11,395 - INFO - Black executed move: e7e6
2025-04-04 17:56:11,395 - INFO - Random exploration: w selected move c2d1
2025-04-04 17:56:11,395 - INFO - White executed move: c2d1
2025-04-04 17:56:11,397 - INFO - Random exploration: b selected move f8h6
2025-04-04 17:56:11,397 - INFO - Black executed move: f8h6
2025-04-04 17:56:11,397 - INFO - Random exploration: w selected move d1c2
2025-04-04 17:56:11,397 - INFO - White executed move: d1c2
2025-04-04 17:56:11,398 - INFO - Random exploration: b selected move e8e7
2025-04-04 17:56:11,398 - INFO - Black executed move: e8e7
2025-04-04 17:56:11,399 - INFO - Random exploration: w selected move e1d2
2025-04-04 17:56:11,399 - INFO - White executed move: e1d2
2025-04-04 17:56:11,400 - INFO - Random exploration: b selected move b8a6
2025-04-04 17:56:11,400 - INFO - Black executed move: b8a6
2025-04-04 17:56:11,400 - INFO - Random exploration: w selected move e5g4
2025-04-04 17:56:11,401 - INFO - White executed move: e5g4
2025-04-04 17:56:11,401 - INFO - Random exploration: b selected move e7d6
2025-04-04 17:56:11,403 - INFO - Black executed move: e7d6
2025-04-04 17:56:11,403 - INFO - Random exploration: w selected move a2a4
2025-04-04 17:56:11,404 - INFO - White executed move: a2a4
2025-04-04 17:56:11,404 - INFO - Random exploration: b selected move h6f8
2025-04-04 17:56:11,404 - INFO - Black executed move: h6f8
2025-04-04 17:56:11,405 - INFO - Random exploration: w selected move g4e5
2025-04-04 17:56:11,405 - INFO - White executed move: g4e5
2025-04-04 17:56:11,405 - INFO - Random exploration: b selected move b7b5
2025-04-04 17:56:11,405 - INFO - Black executed move: b7b5
2025-04-04 17:56:11,406 - INFO - Random exploration: w selected move b1c3
2025-04-04 17:56:11,406 - INFO - White executed move: b1c3
2025-04-04 17:56:11,406 - INFO - Random exploration: b selected move g8e7
2025-04-04 17:56:11,407 - INFO - Black executed move: g8e7
2025-04-04 17:56:11,407 - INFO - Random exploration: w selected move h2h3
2025-04-04 17:56:11,409 - INFO - White executed move: h2h3
2025-04-04 17:56:11,409 - INFO - Random exploration: b selected move h8g8
2025-04-04 17:56:11,410 - INFO - Black executed move: h8g8
2025-04-04 17:56:11,410 - INFO - Random exploration: w selected move c2h7
2025-04-04 17:56:11,410 - INFO - White executed move: c2h7
2025-04-04 17:56:11,411 - INFO - Random exploration: b selected move c7c6
2025-04-04 17:56:11,411 - INFO - Black executed move: c7c6
2025-04-04 17:56:11,412 - INFO - Random exploration: w selected move c4c5
2025-04-04 17:56:11,412 - INFO - White executed move: c4c5
2025-04-04 17:56:11,412 - INFO - Random exploration: b selected move a6c5
2025-04-04 17:56:11,413 - INFO - Black executed move: a6c5
2025-04-04 17:56:11,413 - INFO - Random exploration: w selected move d2c2
2025-04-04 17:56:11,414 - INFO - White executed move: d2c2
2025-04-04 17:56:12,631 - INFO - Random exploration: b selected move b5b4
2025-04-04 17:56:12,631 - INFO - Black executed move: b5b4
2025-04-04 17:56:12,879 - INFO - Random exploration: w selected move e3f4
2025-04-04 17:56:12,881 - INFO - White executed move: e3f4
2025-04-04 17:56:13,124 - INFO - Random exploration: b selected move c5a6
2025-04-04 17:56:13,124 - INFO - Black executed move: c5a6
2025-04-04 17:56:13,362 - INFO - Random exploration: w selected move a1d1
2025-04-04 17:56:13,363 - INFO - White executed move: a1d1
2025-04-04 17:56:13,710 - INFO - Q-values analysis: {'max_q_value': 0.23756834864616394, 'min_q_value': -0.12815716862678528, 'mean_q_value': 0.04624641314148903, 'median_q_value': 0.026680387556552887, 'std_q_value': 0.09644243866205215}
2025-04-04 17:56:13,711 - INFO - Exploitation: b selected move g8h8
2025-04-04 17:56:13,711 - INFO - Random exploration: b selected move g8h8
2025-04-04 17:56:13,711 - INFO - Black executed move: g8h8
2025-04-04 17:56:13,947 - INFO - Random exploration: w selected move d1c1
2025-04-04 17:56:13,947 - INFO - White executed move: d1c1
2025-04-04 17:56:14,186 - INFO - Random exploration: b selected move c8b7
2025-04-04 17:56:14,188 - INFO - Black executed move: c8b7
2025-04-04 17:56:14,428 - INFO - Random exploration: w selected move e5f7
2025-04-04 17:56:14,428 - INFO - White executed move: e5f7
